-- MySQL dump 10.13  Distrib 5.5.37, for debian-linux-gnu (i686)
--
-- Host: localhost    Database: suivi
-- ------------------------------------------------------
-- Server version	5.5.37-0ubuntu0.12.04.1

/*!40101 SET @OLD_CHARACTER_SET_CLIENT=@@CHARACTER_SET_CLIENT */;
/*!40101 SET @OLD_CHARACTER_SET_RESULTS=@@CHARACTER_SET_RESULTS */;
/*!40101 SET @OLD_COLLATION_CONNECTION=@@COLLATION_CONNECTION */;
/*!40101 SET NAMES utf8 */;
/*!40103 SET @OLD_TIME_ZONE=@@TIME_ZONE */;
/*!40103 SET TIME_ZONE='+00:00' */;
/*!40014 SET @OLD_UNIQUE_CHECKS=@@UNIQUE_CHECKS, UNIQUE_CHECKS=0 */;
/*!40014 SET @OLD_FOREIGN_KEY_CHECKS=@@FOREIGN_KEY_CHECKS, FOREIGN_KEY_CHECKS=0 */;
/*!40101 SET @OLD_SQL_MODE=@@SQL_MODE, SQL_MODE='NO_AUTO_VALUE_ON_ZERO' */;
/*!40111 SET @OLD_SQL_NOTES=@@SQL_NOTES, SQL_NOTES=0 */;

--
-- Current Database: `suivi`
--

CREATE DATABASE /*!32312 IF NOT EXISTS*/ `suivi` /*!40100 DEFAULT CHARACTER SET latin1 */;

USE `suivi`;

--
-- Table structure for table `BonusEloignement`
--

DROP TABLE IF EXISTS `BonusEloignement`;
/*!40101 SET @saved_cs_client     = @@character_set_client */;
/*!40101 SET character_set_client = utf8 */;
CREATE TABLE `BonusEloignement` (
  `id` bigint(20) NOT NULL AUTO_INCREMENT,
  `annee` int(11) NOT NULL,
  `valeur` double DEFAULT NULL,
  `centre_id` bigint(20) NOT NULL,
  `trimestre_id` bigint(20) NOT NULL,
  PRIMARY KEY (`id`),
  KEY `FK_7c5fchljlpf0torq2toa39dj3` (`centre_id`),
  KEY `FK_lfuqf0ornl3x6p36uhohirimr` (`trimestre_id`),
  CONSTRAINT `FK_lfuqf0ornl3x6p36uhohirimr` FOREIGN KEY (`trimestre_id`) REFERENCES `Trimestre` (`id`),
  CONSTRAINT `FK_7c5fchljlpf0torq2toa39dj3` FOREIGN KEY (`centre_id`) REFERENCES `Centre` (`id`)
) ENGINE=InnoDB AUTO_INCREMENT=2 DEFAULT CHARSET=latin1;
/*!40101 SET character_set_client = @saved_cs_client */;

--
-- Dumping data for table `BonusEloignement`
--

LOCK TABLES `BonusEloignement` WRITE;
/*!40000 ALTER TABLE `BonusEloignement` DISABLE KEYS */;
INSERT INTO `BonusEloignement` VALUES (1,2014,10,2,1);
/*!40000 ALTER TABLE `BonusEloignement` ENABLE KEYS */;
UNLOCK TABLES;

--
-- Table structure for table `CategorieIndicateur`
--

DROP TABLE IF EXISTS `CategorieIndicateur`;
/*!40101 SET @saved_cs_client     = @@character_set_client */;
/*!40101 SET character_set_client = utf8 */;
CREATE TABLE `CategorieIndicateur` (
  `id` bigint(20) NOT NULL AUTO_INCREMENT,
  `code` varchar(255) NOT NULL,
  `designation` varchar(255) DEFAULT NULL,
  PRIMARY KEY (`id`),
  UNIQUE KEY `UK_7djski5536ruormuxahjmkvcb` (`code`)
) ENGINE=InnoDB AUTO_INCREMENT=4 DEFAULT CHARSET=latin1;
/*!40101 SET character_set_client = @saved_cs_client */;

--
-- Dumping data for table `CategorieIndicateur`
--

LOCK TABLES `CategorieIndicateur` WRITE;
/*!40000 ALTER TABLE `CategorieIndicateur` DISABLE KEYS */;
INSERT INTO `CategorieIndicateur` VALUES (1,'PMA','Population Maladies Artificielles'),(2,'PCA','Population Cure Artificielle'),(3,'Communautaire','Communautaire');
/*!40000 ALTER TABLE `CategorieIndicateur` ENABLE KEYS */;
UNLOCK TABLES;

--
-- Table structure for table `Centre`
--

DROP TABLE IF EXISTS `Centre`;
/*!40101 SET @saved_cs_client     = @@character_set_client */;
/*!40101 SET character_set_client = utf8 */;
CREATE TABLE `Centre` (
  `id` bigint(20) NOT NULL AUTO_INCREMENT,
  `nom` varchar(255) NOT NULL,
  `population` int(11) DEFAULT NULL,
  `district_id` bigint(20) NOT NULL,
  `categorie` int(11) DEFAULT NULL,
  PRIMARY KEY (`id`),
  UNIQUE KEY `UK_pmerargl4rslsjw5lfunsvtj4` (`nom`),
  KEY `FK_bxulcfhemm78oaklp8x1wrjq4` (`district_id`),
  CONSTRAINT `FK_bxulcfhemm78oaklp8x1wrjq4` FOREIGN KEY (`district_id`) REFERENCES `District` (`id`)
) ENGINE=InnoDB AUTO_INCREMENT=35 DEFAULT CHARSET=latin1;
/*!40101 SET character_set_client = @saved_cs_client */;

--
-- Dumping data for table `Centre`
--

LOCK TABLES `Centre` WRITE;
/*!40000 ALTER TABLE `Centre` DISABLE KEYS */;
INSERT INTO `Centre` VALUES (2,'GADALA',7841,4,1),(3,'GOUDOUR',10179,4,1),(4,'MAGOUMAZ',14864,4,1),(5,'MANDAKA CHECHEM',10118,4,1),(6,'MOKOLO 1',20777,4,1),(7,'MOKOLO 2',14973,4,1),(8,'MOKONG',24314,4,1),(9,'OURO-TADA',19635,4,1),(10,'TOUFOU',12439,4,1),(11,'TOUROU',32843,4,1),(12,'VOUZOD',9078,4,1),(13,'ZAMAY',18988,4,1),(14,'ZILING',5796,4,1),(15,'KOTRABA',9386,5,1),(16,'MADA KOLKOCHE',8746,5,1),(17,'MAKALINGAI',4900,5,1),(18,'MAMBEZA',16535,5,1),(19,'MANGAVE DALIL',19923,5,1),(20,'MAYO OULDEME',32624,5,1),(21,'MOKIO',17552,5,1),(22,'PALBARA',6265,5,1),(23,'TOKOMBERE 1',12643,5,1),(24,'WARBA',18725,5,1),(25,'DJINGLIYA',15973,6,1),(26,'BGUETCHEWE',9081,6,1),(27,'ZHELEVED',13605,6,1),(28,'KILA',12050,7,1),(29,'SIR',20794,7,1),(30,'GUILI',17090,8,1),(31,'DOMAYO',14825,9,1),(32,'DOUVANGAR',13108,10,1),(33,'KOLFATA',7632,11,1),(34,'HOPITAL',10000,5,1);
/*!40000 ALTER TABLE `Centre` ENABLE KEYS */;
UNLOCK TABLES;

--
-- Table structure for table `Cible`
--

DROP TABLE IF EXISTS `Cible`;
/*!40101 SET @saved_cs_client     = @@character_set_client */;
/*!40101 SET character_set_client = utf8 */;
CREATE TABLE `Cible` (
  `id` bigint(20) NOT NULL AUTO_INCREMENT,
  `annee` int(11) DEFAULT NULL,
  `indicateurId` bigint(20) NOT NULL,
  `trimestreId` bigint(20) NOT NULL,
  `valeur` int(11) DEFAULT NULL,
  `indicateur_id` bigint(20) NOT NULL,
  `trimestre_id` bigint(20) NOT NULL,
  PRIMARY KEY (`id`),
  UNIQUE KEY `UK_4qhuel1b7w9x1q3ns3mpv9hhx` (`trimestreId`,`indicateurId`,`annee`),
  KEY `FK_exl6mlmrvcc9imfsqma0rclth` (`indicateurId`),
  KEY `FK_d8xdbkjjh49ie30adtrrfak28` (`trimestreId`),
  CONSTRAINT `FK_d8xdbkjjh49ie30adtrrfak28` FOREIGN KEY (`trimestreId`) REFERENCES `Trimestre` (`id`),
  CONSTRAINT `FK_exl6mlmrvcc9imfsqma0rclth` FOREIGN KEY (`indicateurId`) REFERENCES `Indicateur` (`id`)
) ENGINE=InnoDB AUTO_INCREMENT=35 DEFAULT CHARSET=latin1;
/*!40101 SET character_set_client = @saved_cs_client */;

--
-- Dumping data for table `Cible`
--

LOCK TABLES `Cible` WRITE;
/*!40000 ALTER TABLE `Cible` DISABLE KEYS */;
INSERT INTO `Cible` VALUES (1,2014,1,1,32934,0,0),(2,2014,2,1,1455,0,0),(3,2014,3,1,550,0,0),(4,2014,4,1,650,0,0),(5,2014,5,1,2253,0,0),(6,2014,6,1,158,0,0),(7,2014,7,1,1800,0,0),(8,2014,8,1,3704,0,0),(9,2014,9,1,3794,0,0),(10,2014,10,1,230,0,0),(11,2014,11,1,752,0,0),(12,2014,12,1,3140,0,0),(13,2014,13,1,1000,0,0),(14,2014,14,1,6932,0,0),(15,2014,15,1,78,0,0),(16,2014,16,1,30,0,0),(17,2014,17,1,99,0,0),(18,2014,18,1,70,0,0),(19,2014,19,1,4500,0,0),(20,2014,20,1,9500,0,0),(21,2014,21,1,500,0,0),(22,2014,22,1,261,0,0),(23,2014,23,1,120,0,0),(24,2014,24,1,950,0,0),(25,2014,25,1,45,0,0),(26,2014,26,1,75,0,0),(27,2014,33,1,9,0,0),(28,2014,34,1,2,0,0),(29,2014,27,1,2,0,0),(30,2014,28,1,1266,0,0),(31,2014,29,1,57,0,0),(32,2014,30,1,3620,0,0),(33,2014,31,1,33,0,0),(34,2014,32,1,851,0,0);
/*!40000 ALTER TABLE `Cible` ENABLE KEYS */;
UNLOCK TABLES;

--
-- Table structure for table `District`
--

DROP TABLE IF EXISTS `District`;
/*!40101 SET @saved_cs_client     = @@character_set_client */;
/*!40101 SET character_set_client = utf8 */;
CREATE TABLE `District` (
  `id` bigint(20) NOT NULL AUTO_INCREMENT,
  `code` varchar(255) NOT NULL,
  PRIMARY KEY (`id`),
  UNIQUE KEY `UK_jky97i1k2v9gg6vmf2f1xbys` (`code`)
) ENGINE=InnoDB AUTO_INCREMENT=12 DEFAULT CHARSET=latin1;
/*!40101 SET character_set_client = @saved_cs_client */;

--
-- Dumping data for table `District`
--

LOCK TABLES `District` WRITE;
/*!40000 ALTER TABLE `District` DISABLE KEYS */;
INSERT INTO `District` VALUES (8,'Bourha'),(11,'Kolfata'),(6,'Kosa'),(9,'Maroua'),(10,'Meri'),(7,'Mogode'),(4,'Mokolo'),(5,'Tokombere');
/*!40000 ALTER TABLE `District` ENABLE KEYS */;
UNLOCK TABLES;

--
-- Table structure for table `Indicateur`
--

DROP TABLE IF EXISTS `Indicateur`;
/*!40101 SET @saved_cs_client     = @@character_set_client */;
/*!40101 SET character_set_client = utf8 */;
CREATE TABLE `Indicateur` (
  `id` bigint(20) NOT NULL AUTO_INCREMENT,
  `code` varchar(255) NOT NULL,
  `designation` varchar(255) DEFAULT NULL,
  `poids` double DEFAULT NULL,
  `categorie_id` bigint(20) NOT NULL,
  `estFige` tinyint(1) DEFAULT NULL,
  `sousCategorie_id` bigint(20) NOT NULL,
  PRIMARY KEY (`id`),
  UNIQUE KEY `UK_mp93la4fqu9wf7oysq7k3j3xv` (`code`),
  KEY `FK_17rpwtcu77jvm4wj1ulfid98y` (`categorie_id`),
  KEY `FK_gieix18pdbery9sl6ubc6gxqw` (`sousCategorie_id`),
  CONSTRAINT `FK_17rpwtcu77jvm4wj1ulfid98y` FOREIGN KEY (`categorie_id`) REFERENCES `CategorieIndicateur` (`id`),
  CONSTRAINT `FK_gieix18pdbery9sl6ubc6gxqw` FOREIGN KEY (`sousCategorie_id`) REFERENCES `SousCategorie` (`id`)
) ENGINE=InnoDB AUTO_INCREMENT=35 DEFAULT CHARSET=latin1;
/*!40101 SET character_set_client = @saved_cs_client */;

--
-- Dumping data for table `Indicateur`
--

LOCK TABLES `Indicateur` WRITE;
/*!40000 ALTER TABLE `Indicateur` DISABLE KEYS */;
INSERT INTO `Indicateur` VALUES (1,'Consultation Externes','Population / 12 * 100 %',100,1,0,1),(2,'Patients graves Référés','Consultations Externes * 4%',4,1,0,1),(3,'Indigents pris en charge','Population * 1% / 12 * 100%',1,1,0,1),(4,'Petite Chirurgie','Population * 1% / 12 * 100%',1,1,0,1),(5,'Accouchement Assisté','Population * 5% / 12 * 90%',0.45,1,0,2),(6,'Acchouchement Référés','Population * 5% / 12 * 10%',0.5,1,0,2),(7,'CPN 4','Population * 5% /12 * 100%',5,1,0,2),(8,'VAT 2 et plus','Population * 5% /12 * 100%',5,1,0,2),(9,'Distribution de la vitamine A aux femmes(post partum)','Population * 5% /12',5,1,0,2),(10,'Planification familiale','Population * 23% / 12',23,1,0,2),(11,'Planification familiale 2','Population * 23% / 12 * 1%',0.23,1,0,2),(12,'Enfants completement vaccinés (VAR)','Population * 4% / 12 * 100%',4,1,0,2),(13,'Enfant Malnutrité recupéré','Population * 18% * 10% /12',1.8,1,0,2),(14,'Tests VIH','Population * 16% / 12',16,1,0,3),(15,'PTME (Femme enceinte sur ARV)','Population * 5% / 12 * 2%',0.1,1,0,3),(16,'PTME(Prise en charge du nouveau né d\'une femme VIH+)','Population * 5% / 12 * 2%',0.1,1,0,3),(17,'TB (cas depisté)','Population * 0.1%',0.1,1,0,3),(18,'TB(cas gueris)','Population * 0.1%',0.1,1,0,3),(19,'Consultations médicales','Population / 12 * 15%',15,2,0,4),(20,'Jours d\'hospitalisation','Population / 2000 * 30 jours',18,2,0,4),(21,'Patients graves contre référés aux centres de santé','population / 12 * 4%',4,2,0,4),(22,'Intervention chirurgicale','Population / 12 * 0.5%',0.5,2,0,4),(23,'Tranfusion sanguine','Population / 12 * 0.5%',0.5,2,0,4),(24,'Suivi Semestriel des PVVIH','Population / 12 * 1.2%*80%* 2',1.92,2,0,4),(25,'Césariennes (30% des acchouchement dyst)','Population * 5% / 12*10%*15%',0.075,2,0,5),(26,'Autres acc. dystociques referés par CS','Population * 5% /12 * 10% * 85%',0.425,2,0,5),(27,'Planification familiale PCA','population * 23% / 12 * 0.5%',0.115,2,0,5),(28,'Nouvelles Latrines (par menage de 6 personnes)','Population / 6 * 43,43 %/4',21.715,3,0,6),(29,'Creation d\'un nouveau point d\'eau potable','Pop(930 -/- 250) total',1418,3,0,6),(30,'Entretien d\'un point d\'eau potable','Population / 250',4.8,3,0,6),(31,'Identification des indigents','Liste par aire de santé',32,3,1,7),(32,'Accouchements referés par COSA','Population * 5% / 4* 100% par trimestre',15,3,0,7),(33,'Césarienne - Indigents','Population * 5% / 12 *10% * 15% * 10%',0.008,2,0,5),(34,'Autres Acc. dystociques referés par CS - indigents','Population * 5% / 12 * 10% * 85% * 10%',0.042,2,0,5);
/*!40000 ALTER TABLE `Indicateur` ENABLE KEYS */;
UNLOCK TABLES;

--
-- Table structure for table `IndicateurCentre`
--

DROP TABLE IF EXISTS `IndicateurCentre`;
/*!40101 SET @saved_cs_client     = @@character_set_client */;
/*!40101 SET character_set_client = utf8 */;
CREATE TABLE `IndicateurCentre` (
  `id` bigint(20) NOT NULL AUTO_INCREMENT,
  `annee` int(11) DEFAULT NULL,
  `categorieId` bigint(20) DEFAULT NULL,
  `centreId` bigint(20) DEFAULT NULL,
  PRIMARY KEY (`id`),
  UNIQUE KEY `UK_rl8j4dw5ealnyr41akjyw7qmu` (`categorieId`,`centreId`,`annee`),
  KEY `FK_p3dmhqpg67px6uc877tg5ea8p` (`categorieId`),
  KEY `FK_q96tubybkqxu59bmxp1mlc6uh` (`centreId`),
  CONSTRAINT `FK_p3dmhqpg67px6uc877tg5ea8p` FOREIGN KEY (`categorieId`) REFERENCES `CategorieIndicateur` (`id`),
  CONSTRAINT `FK_q96tubybkqxu59bmxp1mlc6uh` FOREIGN KEY (`centreId`) REFERENCES `Centre` (`id`)
) ENGINE=InnoDB AUTO_INCREMENT=36 DEFAULT CHARSET=latin1;
/*!40101 SET character_set_client = @saved_cs_client */;

--
-- Dumping data for table `IndicateurCentre`
--

LOCK TABLES `IndicateurCentre` WRITE;
/*!40000 ALTER TABLE `IndicateurCentre` DISABLE KEYS */;
INSERT INTO `IndicateurCentre` VALUES (1,2014,1,2),(2,2014,1,3),(3,2014,1,4),(4,2014,1,5),(5,2014,1,6),(6,2014,1,7),(9,2014,1,8),(7,2014,1,9),(8,2014,1,10),(10,2014,1,11),(11,2014,1,12),(12,2014,1,13),(13,2014,1,14),(14,2014,1,15),(15,2014,1,16),(16,2014,1,17),(17,2014,1,18),(18,2014,1,19),(19,2014,1,20),(20,2014,1,21),(21,2014,1,22),(22,2014,1,23),(23,2014,1,24),(24,2014,1,25),(25,2014,1,26),(26,2014,1,27),(27,2014,1,28),(28,2014,1,29),(29,2014,1,30),(30,2014,1,31),(31,2014,1,32),(32,2014,1,33),(33,2014,1,34),(34,2014,2,6),(35,2014,3,8);
/*!40000 ALTER TABLE `IndicateurCentre` ENABLE KEYS */;
UNLOCK TABLES;

--
-- Table structure for table `Mois`
--

DROP TABLE IF EXISTS `Mois`;
/*!40101 SET @saved_cs_client     = @@character_set_client */;
/*!40101 SET character_set_client = utf8 */;
CREATE TABLE `Mois` (
  `id` bigint(20) NOT NULL AUTO_INCREMENT,
  `nom` varchar(255) NOT NULL,
  `trimestre_id` bigint(20) NOT NULL,
  PRIMARY KEY (`id`),
  UNIQUE KEY `UK_1gy688tcfa79qetwxigab3lra` (`nom`),
  KEY `FK_nd7kuvga4u09k4akhoc66difi` (`trimestre_id`),
  CONSTRAINT `FK_nd7kuvga4u09k4akhoc66difi` FOREIGN KEY (`trimestre_id`) REFERENCES `Trimestre` (`id`)
) ENGINE=InnoDB AUTO_INCREMENT=13 DEFAULT CHARSET=latin1;
/*!40101 SET character_set_client = @saved_cs_client */;

--
-- Dumping data for table `Mois`
--

LOCK TABLES `Mois` WRITE;
/*!40000 ALTER TABLE `Mois` DISABLE KEYS */;
INSERT INTO `Mois` VALUES (1,'Janvier',1),(2,'Fevrier',1),(3,'Mars',1),(4,'Avril',2),(5,'Mai',2),(6,'Juin',2),(7,'Juillet',3),(8,'Aout',3),(9,'Septembre',3),(10,'Octobre',4),(11,'Novembre',4),(12,'Decembre',4);
/*!40000 ALTER TABLE `Mois` ENABLE KEYS */;
UNLOCK TABLES;

--
-- Table structure for table `Realisation`
--

DROP TABLE IF EXISTS `Realisation`;
/*!40101 SET @saved_cs_client     = @@character_set_client */;
/*!40101 SET character_set_client = utf8 */;
CREATE TABLE `Realisation` (
  `id` bigint(20) NOT NULL AUTO_INCREMENT,
  `valeur` int(11) DEFAULT '0',
  `centreId` bigint(20) NOT NULL,
  `indicateurId` bigint(20) NOT NULL,
  `moisId` bigint(20) NOT NULL,
  `annee` int(11) DEFAULT NULL,
  `donneesCorrecte` tinyint(1) DEFAULT NULL,
  PRIMARY KEY (`id`),
  UNIQUE KEY `UK_pxw6xhnf17qju6did9anf4kni` (`centreId`,`indicateurId`,`annee`,`moisId`),
  KEY `FK_8sfgdifofbrmjbxoj9992piu5` (`centreId`),
  KEY `FK_lplr4a70hxh9w07nrxvat83m4` (`indicateurId`),
  KEY `FK_tfd3so2pvq5e3o0rmwa5lcxbm` (`moisId`),
  CONSTRAINT `FK_8sfgdifofbrmjbxoj9992piu5` FOREIGN KEY (`centreId`) REFERENCES `Centre` (`id`),
  CONSTRAINT `FK_lplr4a70hxh9w07nrxvat83m4` FOREIGN KEY (`indicateurId`) REFERENCES `Indicateur` (`id`),
  CONSTRAINT `FK_tfd3so2pvq5e3o0rmwa5lcxbm` FOREIGN KEY (`moisId`) REFERENCES `Mois` (`id`)
) ENGINE=InnoDB AUTO_INCREMENT=2138 DEFAULT CHARSET=latin1;
/*!40101 SET character_set_client = @saved_cs_client */;

--
-- Dumping data for table `Realisation`
--

LOCK TABLES `Realisation` WRITE;
/*!40000 ALTER TABLE `Realisation` DISABLE KEYS */;
INSERT INTO `Realisation` VALUES (1,235,2,1,1,2014,0),(2,181,2,1,2,2014,0),(3,221,2,1,3,2014,0),(4,3,2,2,1,2014,0),(5,2,2,2,2,2014,0),(6,7,2,2,3,2014,0),(7,0,2,3,1,2014,0),(8,0,2,3,2,2014,0),(9,0,2,3,3,2014,0),(10,0,2,4,1,2014,0),(11,0,2,4,2,2014,0),(12,2,2,4,3,2014,0),(13,8,2,5,1,2014,0),(14,7,2,5,2,2014,0),(15,10,2,5,3,2014,0),(16,0,2,6,1,2014,0),(17,1,2,6,2,2014,0),(18,1,2,6,3,2014,0),(19,0,2,7,1,2014,0),(20,0,2,7,2,2014,0),(21,0,2,7,3,2014,0),(22,0,2,8,1,2014,0),(23,9,2,8,2,2014,0),(24,9,2,8,3,2014,0),(25,8,2,9,1,2014,0),(26,7,2,9,2,2014,0),(27,10,2,9,3,2014,0),(28,0,2,10,1,2014,0),(29,0,2,10,2,2014,0),(30,0,2,11,1,2014,0),(31,7,2,11,2,2014,0),(32,5,2,11,3,2014,0),(33,0,2,12,1,2014,0),(34,9,2,12,2,2014,0),(35,9,2,12,3,2014,0),(36,0,2,13,1,2014,0),(37,0,2,13,2,2014,0),(38,3,2,13,3,2014,0),(39,0,2,14,1,2014,0),(40,0,2,14,2,2014,0),(41,8,2,14,3,2014,0),(42,0,2,15,1,2014,0),(43,0,2,15,2,2014,0),(44,0,2,15,3,2014,0),(45,0,2,16,1,2014,0),(46,0,2,16,2,2014,0),(47,0,2,16,3,2014,0),(48,0,2,17,1,2014,0),(49,0,2,17,2,2014,0),(50,0,2,17,3,2014,0),(51,0,2,18,1,2014,0),(52,0,2,18,2,2014,0),(53,0,2,18,3,2014,0),(54,0,2,28,1,2014,0),(55,0,2,28,2,2014,0),(56,0,2,28,3,2014,0),(57,0,2,29,1,2014,0),(58,0,2,29,2,2014,0),(59,0,2,29,3,2014,0),(60,0,2,30,1,2014,0),(61,2,2,30,2,2014,0),(62,2,2,30,3,2014,0),(63,314,25,1,1,2014,0),(64,263,25,1,2,2014,0),(65,295,25,1,3,2014,0),(66,6,25,2,1,2014,0),(67,14,25,2,2,2014,0),(68,13,25,2,3,2014,0),(69,3,25,3,1,2014,0),(70,2,25,3,2,2014,0),(71,3,25,3,3,2014,0),(72,0,25,4,1,2014,0),(73,1,25,4,2,2014,0),(74,6,25,4,3,2014,0),(75,12,25,5,1,2014,0),(76,15,25,5,2,2014,0),(77,8,25,5,3,2014,0),(78,0,25,6,1,2014,0),(79,0,25,6,2,2014,0),(80,1,25,6,3,2014,0),(81,0,25,7,1,2014,0),(82,9,25,7,2,2014,0),(83,10,25,7,3,2014,0),(84,71,25,8,1,2014,0),(85,31,25,8,2,2014,0),(86,30,25,8,3,2014,0),(87,45,25,9,1,2014,0),(88,21,25,9,2,2014,0),(89,21,25,9,3,2014,0),(90,0,25,10,1,2014,0),(91,0,25,10,2,2014,0),(92,0,25,10,3,2014,0),(93,0,25,11,1,2014,0),(94,0,25,11,2,2014,0),(95,0,25,11,3,2014,0),(96,21,25,12,1,2014,0),(97,31,25,12,2,2014,0),(98,19,25,12,3,2014,0),(99,0,25,13,1,2014,0),(100,17,25,13,2,2014,0),(101,0,25,13,3,2014,0),(102,54,25,14,1,2014,0),(103,35,25,14,2,2014,0),(104,41,25,14,3,2014,0),(105,0,25,15,1,2014,0),(106,0,25,15,2,2014,0),(107,0,25,15,3,2014,0),(108,0,25,16,1,2014,0),(109,0,25,16,2,2014,0),(110,0,25,16,3,2014,0),(111,0,25,17,1,2014,0),(112,0,25,17,2,2014,0),(113,0,25,17,3,2014,0),(114,0,25,18,1,2014,0),(115,0,25,18,2,2014,0),(116,0,25,18,3,2014,0),(117,0,25,28,1,2014,0),(118,1,25,28,2,2014,0),(119,40,25,28,3,2014,0),(120,0,25,29,1,2014,0),(121,0,25,29,2,2014,0),(122,0,25,29,3,2014,0),(123,49,25,30,1,2014,0),(124,37,25,30,2,2014,0),(125,26,25,30,3,2014,0),(126,1,25,31,1,2014,0),(127,0,25,31,2,2014,0),(128,0,25,31,3,2014,0),(129,11,25,32,1,2014,0),(130,15,25,32,2,2014,0),(131,6,25,32,3,2014,0),(132,1459,31,1,1,2014,0),(133,1431,31,1,2,2014,0),(134,1301,31,1,3,2014,0),(135,17,31,2,1,2014,0),(136,19,31,2,2,2014,0),(137,14,31,2,3,2014,0),(138,18,31,3,1,2014,0),(139,15,31,3,2,2014,0),(140,19,31,3,3,2014,0),(141,0,31,4,1,2014,0),(142,5,31,4,2,2014,0),(143,10,31,4,3,2014,0),(144,41,31,5,1,2014,0),(145,56,31,5,2,2014,0),(146,44,31,5,3,2014,0),(147,0,31,6,1,2014,0),(148,6,31,6,2,2014,0),(149,5,31,6,3,2014,0),(150,0,31,7,1,2014,0),(151,7,31,7,2,2014,0),(152,41,31,7,3,2014,0),(153,51,31,8,1,2014,0),(154,41,31,8,2,2014,0),(155,106,31,8,3,2014,0),(156,39,31,9,1,2014,0),(157,52,31,9,2,2014,0),(158,46,31,9,3,2014,0),(159,0,31,10,1,2014,0),(160,0,31,10,2,2014,0),(161,0,31,10,3,2014,0),(162,0,31,11,1,2014,0),(163,0,31,11,2,2014,0),(164,0,31,11,3,2014,0),(165,24,31,12,1,2014,0),(166,33,31,12,2,2014,0),(167,36,31,12,3,2014,0),(168,18,31,13,1,2014,0),(169,0,31,13,2,2014,0),(170,14,31,13,3,2014,0),(171,93,31,14,1,2014,0),(172,106,31,14,2,2014,0),(173,136,31,14,3,2014,0),(174,3,31,15,1,2014,0),(175,5,31,15,2,2014,0),(176,7,31,15,3,2014,0),(177,2,31,16,1,2014,0),(178,3,31,16,2,2014,0),(179,3,31,16,3,2014,0),(180,0,31,17,1,2014,0),(181,0,31,17,2,2014,0),(182,0,31,17,3,2014,0),(183,0,31,18,1,2014,0),(184,0,31,18,2,2014,0),(185,0,31,18,3,2014,0),(186,28,31,28,1,2014,0),(187,23,31,28,2,2014,0),(188,27,31,28,3,2014,0),(189,0,31,29,1,2014,0),(190,0,31,29,2,2014,0),(191,0,31,29,3,2014,0),(192,85,31,30,1,2014,0),(193,59,31,30,2,2014,0),(194,80,31,30,3,2014,0),(195,0,31,31,1,2014,0),(196,1,31,31,2,2014,0),(197,0,31,31,3,2014,0),(198,0,31,32,1,2014,0),(199,0,31,32,2,2014,0),(200,2,31,32,3,2014,0),(201,352,32,1,1,2014,0),(202,298,32,1,2,2014,0),(203,253,32,1,3,2014,0),(204,8,32,2,1,2014,0),(205,12,32,2,2,2014,0),(206,23,32,2,3,2014,0),(207,0,32,3,1,2014,0),(208,9,32,3,2,2014,0),(209,8,32,3,3,2014,0),(210,0,32,4,1,2014,0),(211,11,32,4,2,2014,0),(212,8,32,4,3,2014,0),(213,22,32,5,1,2014,0),(214,32,32,5,2,2014,0),(215,29,32,5,3,2014,0),(216,6,32,6,1,2014,0),(217,6,32,6,2,2014,0),(218,5,32,6,3,2014,0),(219,0,32,7,1,2014,0),(220,20,32,7,2,2014,0),(221,20,32,7,3,2014,0),(222,48,32,8,1,2014,0),(223,53,32,8,2,2014,0),(224,83,32,8,3,2014,0),(225,0,32,9,1,2014,0),(226,32,32,9,2,2014,0),(227,29,32,9,3,2014,0),(228,0,32,10,1,2014,0),(229,0,32,10,2,2014,0),(230,0,32,10,3,2014,0),(231,0,32,11,1,2014,0),(232,0,32,11,2,2014,0),(233,0,32,11,3,2014,0),(234,0,32,12,1,2014,0),(235,16,32,12,2,2014,0),(236,27,32,12,3,2014,0),(237,10,32,13,1,2014,0),(238,0,32,13,2,2014,0),(239,12,32,13,3,2014,0),(240,31,32,14,1,2014,0),(241,71,32,14,2,2014,0),(242,86,32,14,3,2014,0),(243,0,32,15,1,2014,0),(244,0,32,15,2,2014,0),(245,0,32,15,3,2014,0),(246,0,32,16,1,2014,0),(247,0,32,16,2,2014,0),(248,0,32,16,3,2014,0),(249,0,32,17,1,2014,0),(250,0,32,17,2,2014,0),(251,0,32,17,3,2014,0),(252,0,32,18,1,2014,0),(253,0,32,18,2,2014,0),(254,0,32,18,3,2014,0),(255,0,32,28,1,2014,0),(256,51,32,28,2,2014,0),(257,48,32,28,3,2014,0),(258,0,32,29,1,2014,0),(259,0,32,29,2,2014,0),(260,0,32,29,3,2014,0),(261,51,32,30,1,2014,0),(262,60,32,30,2,2014,0),(263,60,32,30,3,2014,0),(264,0,32,31,1,2014,0),(265,1,32,31,2,2014,0),(266,0,32,31,3,2014,0),(267,21,32,32,1,2014,0),(268,23,32,32,2,2014,0),(269,19,32,32,3,2014,0),(270,344,3,1,1,2014,0),(271,348,3,1,2,2014,0),(272,362,3,1,3,2014,0),(273,0,3,2,1,2014,0),(274,3,3,2,2,2014,0),(275,5,3,2,3,2014,0),(276,0,3,3,1,2014,0),(277,1,3,3,2,2014,0),(278,1,3,3,3,2014,0),(279,0,3,4,1,2014,0),(280,1,3,4,2,2014,0),(281,3,3,4,3,2014,0),(282,9,3,5,1,2014,0),(283,9,3,5,2,2014,0),(284,9,3,5,3,2014,0),(285,0,3,6,1,2014,0),(286,0,3,6,2,2014,0),(287,2,3,6,3,2014,0),(288,0,3,7,1,2014,0),(289,11,3,7,2,2014,0),(290,10,3,7,3,2014,0),(291,15,3,8,1,2014,0),(292,8,3,8,2,2014,0),(293,9,3,8,3,2014,0),(294,0,3,9,1,2014,0),(295,12,3,9,2,2014,0),(296,32,3,9,3,2014,0),(297,0,3,10,1,2014,0),(298,0,3,10,2,2014,0),(299,0,3,10,3,2014,0),(300,13,3,11,1,2014,0),(301,13,3,11,2,2014,0),(302,9,3,11,3,2014,0),(303,22,3,12,1,2014,0),(304,19,3,12,2,2014,0),(305,32,3,12,3,2014,0),(306,7,3,13,1,2014,0),(307,12,3,13,2,2014,0),(308,0,3,13,3,2014,0),(309,11,3,14,1,2014,0),(310,12,3,14,2,2014,0),(311,27,3,14,3,2014,0),(312,0,3,15,1,2014,0),(313,0,3,15,2,2014,0),(314,0,3,15,3,2014,0),(315,0,3,16,1,2014,0),(316,0,3,16,2,2014,0),(317,0,3,16,3,2014,0),(318,0,3,17,1,2014,0),(319,0,3,17,2,2014,0),(320,0,3,17,3,2014,0),(321,0,3,18,1,2014,0),(322,0,3,18,2,2014,0),(323,0,3,18,3,2014,0),(324,0,3,28,1,2014,0),(325,0,3,28,2,2014,0),(326,44,3,28,3,2014,0),(327,0,3,29,1,2014,0),(328,0,3,29,2,2014,0),(329,0,3,29,3,2014,0),(330,0,3,30,1,2014,0),(331,3,3,30,2,2014,0),(332,5,3,30,3,2014,0),(333,0,3,31,1,2014,0),(334,1,3,31,2,2014,0),(335,0,3,31,3,2014,0),(336,0,3,32,1,2014,0),(337,0,3,32,2,2014,0),(338,0,3,32,3,2014,0),(339,258,33,1,1,2014,0),(340,253,33,1,2,2014,0),(341,262,33,1,3,2014,0),(342,9,33,2,1,2014,0),(343,7,33,2,2,2014,0),(344,0,33,2,3,2014,0),(345,10,33,3,1,2014,0),(346,13,33,3,2,2014,0),(347,11,33,3,3,2014,0),(348,0,33,4,1,2014,0),(349,8,33,4,2,2014,0),(350,7,33,4,3,2014,0),(351,27,33,5,1,2014,0),(352,25,33,5,2,2014,0),(353,18,33,5,3,2014,0),(354,1,33,6,1,2014,0),(355,0,33,6,2,2014,0),(356,0,33,6,3,2014,0),(357,0,33,7,1,2014,0),(358,24,33,7,2,2014,0),(359,12,33,7,3,2014,0),(360,44,33,8,1,2014,0),(361,23,33,8,2,2014,0),(362,15,33,8,3,2014,0),(363,27,33,9,1,2014,0),(364,25,33,9,2,2014,0),(365,18,33,9,3,2014,0),(366,0,33,10,1,2014,0),(367,0,33,10,2,2014,0),(368,0,33,10,3,2014,0),(369,0,33,11,1,2014,0),(370,0,33,11,2,2014,0),(371,0,33,11,3,2014,0),(372,43,33,12,1,2014,0),(373,27,33,12,2,2014,0),(374,25,33,12,3,2014,0),(375,16,33,13,1,2014,0),(376,11,33,13,2,2014,0),(377,0,33,13,3,2014,0),(378,58,33,14,1,2014,0),(379,39,33,14,2,2014,0),(380,27,33,14,3,2014,0),(381,0,33,15,1,2014,0),(382,0,33,15,2,2014,0),(383,0,33,15,3,2014,0),(384,0,33,16,1,2014,0),(385,0,33,16,2,2014,0),(386,0,33,16,3,2014,0),(387,0,33,17,1,2014,0),(388,0,33,17,2,2014,0),(389,0,33,17,3,2014,0),(390,0,33,18,1,2014,0),(391,0,33,18,2,2014,0),(392,0,33,18,3,2014,0),(393,0,33,28,1,2014,0),(394,40,33,28,2,2014,0),(395,52,33,28,3,2014,0),(396,0,33,29,1,2014,0),(397,0,33,29,2,2014,0),(398,2,33,29,3,2014,0),(399,30,33,30,1,2014,0),(400,21,33,30,2,2014,0),(401,44,33,30,3,2014,0),(402,0,33,31,1,2014,0),(403,0,33,31,2,2014,0),(404,0,33,31,3,2014,0),(405,15,33,32,1,2014,0),(406,21,33,32,2,2014,0),(407,0,33,32,3,2014,0),(408,226,30,1,1,2014,0),(409,206,30,1,2,2014,0),(410,163,30,1,3,2014,0),(411,4,30,2,1,2014,0),(412,2,30,2,2,2014,0),(413,1,30,2,3,2014,0),(414,5,30,3,1,2014,0),(415,2,30,3,2,2014,0),(416,4,30,3,3,2014,0),(417,0,30,4,1,2014,0),(418,6,30,4,2,2014,0),(419,11,30,4,3,2014,0),(420,19,30,5,1,2014,0),(421,30,30,5,2,2014,0),(422,17,30,5,3,2014,0),(423,2,30,6,1,2014,0),(424,0,30,6,2,2014,0),(425,0,30,6,3,2014,0),(426,0,30,7,1,2014,0),(427,12,30,7,2,2014,0),(428,26,30,7,3,2014,0),(429,54,30,8,1,2014,0),(430,25,30,8,2,2014,0),(431,54,30,8,3,2014,0),(432,19,30,9,1,2014,0),(433,30,30,9,2,2014,0),(434,17,30,9,3,2014,0),(435,0,30,10,1,2014,0),(436,0,30,10,2,2014,0),(437,0,30,10,3,2014,0),(438,0,30,11,1,2014,0),(439,0,30,11,2,2014,0),(440,0,30,11,3,2014,0),(441,34,30,12,1,2014,0),(442,24,30,12,2,2014,0),(443,30,30,12,3,2014,0),(444,19,30,13,1,2014,0),(445,8,30,13,2,2014,0),(446,28,30,13,3,2014,0),(447,21,30,14,1,2014,0),(448,80,30,14,2,2014,0),(449,26,30,14,3,2014,0),(450,0,30,15,1,2014,0),(451,0,30,15,2,2014,0),(452,0,30,15,3,2014,0),(453,0,30,16,1,2014,0),(454,0,30,16,2,2014,0),(455,0,30,16,3,2014,0),(456,0,30,17,1,2014,0),(457,0,30,17,2,2014,0),(458,0,30,17,3,2014,0),(459,0,30,18,1,2014,0),(460,0,30,18,2,2014,0),(461,0,30,18,3,2014,0),(462,0,30,28,1,2014,0),(463,20,30,28,2,2014,0),(464,92,30,28,3,2014,0),(465,0,30,29,1,2014,0),(466,0,30,29,2,2014,0),(467,0,30,29,3,2014,0),(468,0,30,30,1,2014,0),(469,85,30,30,2,2014,0),(470,57,30,30,3,2014,0),(471,1,30,31,1,2014,0),(472,0,30,31,2,2014,0),(473,0,30,31,3,2014,0),(474,17,30,32,1,2014,0),(475,28,30,32,2,2014,0),(476,15,30,32,3,2014,0),(477,529,28,1,1,2014,0),(478,384,28,1,2,2014,0),(479,325,28,1,3,2014,0),(480,18,28,2,1,2014,0),(481,12,28,2,2,2014,0),(482,5,28,2,3,2014,0),(483,2,28,3,1,2014,0),(484,3,28,3,2,2014,0),(485,5,28,3,3,2014,0),(486,0,28,4,1,2014,0),(487,15,28,4,2,2014,0),(488,7,28,4,3,2014,0),(489,23,28,5,1,2014,0),(490,22,28,5,2,2014,0),(491,20,28,5,3,2014,0),(492,1,28,6,1,2014,0),(493,2,28,6,2,2014,0),(494,0,28,6,3,2014,0),(495,0,28,7,1,2014,0),(496,13,28,7,2,2014,0),(497,12,28,7,3,2014,0),(498,34,28,8,1,2014,0),(499,29,28,8,2,2014,0),(500,31,28,8,3,2014,0),(501,23,28,9,1,2014,0),(502,28,28,9,2,2014,0),(503,26,28,9,3,2014,0),(504,0,28,10,1,2014,0),(505,0,28,10,2,2014,0),(506,0,28,10,3,2014,0),(507,0,28,11,1,2014,0),(508,0,28,11,2,2014,0),(509,0,28,11,3,2014,0),(510,16,28,12,1,2014,0),(511,36,28,12,2,2014,0),(512,33,28,12,3,2014,0),(513,2,28,13,1,2014,0),(514,13,28,13,2,2014,0),(515,12,28,13,3,2014,0),(516,148,28,14,1,2014,0),(517,114,28,14,2,2014,0),(518,121,28,14,3,2014,0),(519,0,28,15,1,2014,0),(520,0,28,15,2,2014,0),(521,0,28,15,3,2014,0),(522,0,28,16,1,2014,0),(523,0,28,16,2,2014,0),(524,0,28,16,3,2014,0),(525,0,28,17,1,2014,0),(526,0,28,17,2,2014,0),(527,0,28,17,3,2014,0),(528,0,28,18,1,2014,0),(529,0,28,18,2,2014,0),(530,0,28,18,3,2014,0),(531,0,28,28,1,2014,0),(532,0,28,28,2,2014,0),(533,60,28,28,3,2014,0),(534,0,28,29,1,2014,0),(535,0,28,29,2,2014,0),(536,0,28,29,3,2014,0),(537,44,28,30,1,2014,0),(538,58,28,30,2,2014,0),(539,56,28,30,3,2014,0),(540,0,28,31,1,2014,0),(541,1,28,31,2,2014,0),(542,0,28,31,3,2014,0),(543,8,28,32,1,2014,0),(544,9,28,32,2,2014,0),(545,7,28,32,3,2014,0),(546,48,15,1,1,2014,0),(547,86,15,1,2,2014,0),(548,108,15,1,3,2014,0),(549,1,15,2,1,2014,0),(550,3,15,2,2,2014,0),(551,8,15,2,3,2014,0),(552,0,15,3,1,2014,0),(553,0,15,3,2,2014,0),(554,4,15,3,3,2014,0),(555,0,15,4,1,2014,0),(556,6,15,4,2,2014,0),(557,14,15,4,3,2014,0),(558,6,15,5,1,2014,0),(559,6,15,5,2,2014,0),(560,12,15,5,3,2014,0),(561,1,15,6,1,2014,0),(562,4,15,6,2,2014,0),(563,2,15,6,3,2014,0),(564,0,15,7,1,2014,0),(565,1,15,7,2,2014,0),(566,3,15,7,3,2014,0),(567,10,15,8,1,2014,0),(568,20,15,8,2,2014,0),(569,6,15,8,3,2014,0),(570,10,15,9,1,2014,0),(571,5,15,9,2,2014,0),(572,10,15,9,3,2014,0),(573,0,15,10,1,2014,0),(574,0,15,10,2,2014,0),(575,0,15,10,3,2014,0),(576,1,15,11,1,2014,0),(577,0,15,11,2,2014,0),(578,5,15,11,3,2014,0),(579,14,15,12,1,2014,0),(580,17,15,12,2,2014,0),(581,27,15,12,3,2014,0),(582,0,15,13,1,2014,0),(583,0,15,13,2,2014,0),(584,0,15,13,3,2014,0),(585,5,15,14,1,2014,0),(586,15,15,14,2,2014,0),(587,0,15,14,3,2014,0),(588,0,15,15,1,2014,0),(589,0,15,15,2,2014,0),(590,0,15,15,3,2014,0),(591,0,15,16,1,2014,0),(592,0,15,16,2,2014,0),(593,0,15,16,3,2014,0),(594,0,15,17,1,2014,0),(595,0,15,17,2,2014,0),(596,0,15,17,3,2014,0),(597,0,15,18,1,2014,0),(598,0,15,18,2,2014,0),(599,0,15,18,3,2014,0),(600,0,15,28,1,2014,0),(601,1,15,28,2,2014,0),(602,20,15,28,3,2014,0),(603,0,15,29,1,2014,0),(604,0,15,29,2,2014,0),(605,0,15,29,3,2014,0),(606,2,15,30,1,2014,0),(607,10,15,30,2,2014,0),(608,21,15,30,3,2014,0),(609,1,15,31,1,2014,0),(610,0,15,31,2,2014,0),(611,0,15,31,3,2014,0),(612,3,15,32,1,2014,0),(613,5,15,32,2,2014,0),(614,9,15,32,3,2014,0),(615,98,16,1,1,2014,0),(616,94,16,1,2,2014,0),(617,133,16,1,3,2014,0),(618,2,16,2,1,2014,0),(619,0,16,2,2,2014,0),(620,0,16,2,3,2014,0),(621,0,16,3,1,2014,0),(622,0,16,3,2,2014,0),(623,0,16,3,3,2014,0),(624,0,16,4,1,2014,0),(625,0,16,4,2,2014,0),(626,1,16,4,3,2014,0),(627,10,16,5,1,2014,0),(628,4,16,5,2,2014,0),(629,5,16,5,3,2014,0),(630,3,16,6,1,2014,0),(631,0,16,6,2,2014,0),(632,0,16,6,3,2014,0),(633,0,16,7,1,2014,0),(634,10,16,7,2,2014,0),(635,9,16,7,3,2014,0),(636,24,16,8,1,2014,0),(637,23,16,8,2,2014,0),(638,13,16,8,3,2014,0),(639,0,16,9,1,2014,0),(640,10,16,9,2,2014,0),(641,20,16,9,3,2014,0),(642,2,16,10,1,2014,0),(643,1,16,10,2,2014,0),(644,0,16,10,3,2014,0),(645,14,16,11,1,2014,0),(646,6,16,11,2,2014,0),(647,1,16,11,3,2014,0),(648,23,16,12,1,2014,0),(649,9,16,12,2,2014,0),(650,12,16,12,3,2014,0),(651,2,16,13,1,2014,0),(652,6,16,13,2,2014,0),(653,1,16,13,3,2014,0),(654,32,16,14,1,2014,0),(655,18,16,14,2,2014,0),(656,13,16,14,3,2014,0),(657,0,16,15,1,2014,0),(658,0,16,15,2,2014,0),(659,0,16,15,3,2014,0),(660,0,16,16,1,2014,0),(661,0,16,16,2,2014,0),(662,0,16,16,3,2014,0),(663,0,16,17,1,2014,0),(664,0,16,17,2,2014,0),(665,0,16,17,3,2014,0),(666,0,16,18,1,2014,0),(667,0,16,18,2,2014,0),(668,0,16,18,3,2014,0),(669,0,16,28,1,2014,0),(670,0,16,28,2,2014,0),(671,20,16,28,3,2014,0),(672,0,16,29,1,2014,0),(673,0,16,29,2,2014,0),(674,0,16,29,3,2014,0),(675,5,16,30,1,2014,0),(676,6,16,30,2,2014,0),(677,10,16,30,3,2014,0),(678,0,16,31,1,2014,0),(679,1,16,31,2,2014,0),(680,0,16,31,3,2014,0),(681,0,16,32,1,2014,0),(682,4,16,32,2,2014,0),(683,5,16,32,3,2014,0),(684,303,4,1,1,2014,0),(685,204,4,1,2,2014,0),(686,161,4,1,3,2014,0),(687,9,4,2,1,2014,0),(688,4,4,2,2,2014,0),(689,1,4,2,3,2014,0),(690,0,4,3,1,2014,0),(691,3,4,3,2,2014,0),(692,6,4,3,3,2014,0),(693,0,4,4,1,2014,0),(694,3,4,4,2,2014,0),(695,5,4,4,3,2014,0),(696,11,4,5,1,2014,0),(697,11,4,5,2,2014,0),(698,18,4,5,3,2014,0),(699,3,4,6,1,2014,0),(700,0,4,6,2,2014,0),(701,0,4,6,3,2014,0),(702,0,4,7,1,2014,0),(703,38,4,7,2,2014,0),(704,30,4,7,3,2014,0),(705,52,4,8,1,2014,0),(706,29,4,8,2,2014,0),(707,31,4,8,3,2014,0),(708,54,4,9,1,2014,0),(709,48,4,9,2,2014,0),(710,63,4,9,3,2014,0),(711,0,4,10,1,2014,0),(712,0,4,10,2,2014,0),(713,0,4,10,3,2014,0),(714,0,4,11,1,2014,0),(715,0,4,11,2,2014,0),(716,0,4,11,3,2014,0),(717,51,4,12,1,2014,0),(718,39,4,12,2,2014,0),(719,51,4,12,3,2014,0),(720,17,4,13,1,2014,0),(721,28,4,13,2,2014,0),(722,0,4,13,3,2014,0),(723,64,4,14,1,2014,0),(724,72,4,14,2,2014,0),(725,42,4,14,3,2014,0),(726,0,4,15,1,2014,0),(727,0,4,15,2,2014,0),(728,0,4,15,3,2014,0),(729,0,4,16,1,2014,0),(730,0,4,16,2,2014,0),(731,0,4,16,3,2014,0),(732,0,4,17,1,2014,0),(733,0,4,17,2,2014,0),(734,0,4,17,3,2014,0),(735,0,4,18,1,2014,0),(736,0,4,18,2,2014,0),(737,0,4,18,3,2014,0),(738,0,4,28,1,2014,0),(739,0,4,28,2,2014,0),(740,52,4,28,3,2014,0),(741,0,4,29,1,2014,0),(742,0,4,29,2,2014,0),(743,0,4,29,3,2014,0),(744,125,4,30,1,2014,0),(745,99,4,30,2,2014,0),(746,97,4,30,3,2014,0),(747,0,4,31,1,2014,0),(748,1,4,31,2,2014,0),(749,0,4,31,3,2014,0),(750,10,4,32,1,2014,0),(751,10,4,32,2,2014,0),(752,17,4,32,3,2014,0),(753,183,17,1,1,2014,0),(754,152,17,1,2,2014,0),(755,165,17,1,3,2014,0),(756,6,17,2,1,2014,0),(757,8,17,2,2,2014,0),(758,7,17,2,3,2014,0),(759,0,17,3,1,2014,0),(760,1,17,3,2,2014,0),(761,0,17,3,3,2014,0),(762,0,17,4,1,2014,0),(763,5,17,4,2,2014,0),(764,15,17,4,3,2014,0),(765,7,17,5,1,2014,0),(766,4,17,5,2,2014,0),(767,9,17,5,3,2014,0),(768,1,17,6,1,2014,0),(769,1,17,6,2,2014,0),(770,0,17,6,3,2014,0),(771,0,17,7,1,2014,0),(772,4,17,7,2,2014,0),(773,2,17,7,3,2014,0),(774,4,17,8,1,2014,0),(775,17,17,8,2,2014,0),(776,22,17,8,3,2014,0),(777,31,17,9,1,2014,0),(778,41,17,9,2,2014,0),(779,41,17,9,3,2014,0),(780,0,17,10,1,2014,0),(781,0,17,10,2,2014,0),(782,0,17,10,3,2014,0),(783,9,17,11,1,2014,0),(784,17,17,11,2,2014,0),(785,9,17,11,3,2014,0),(786,35,17,12,1,2014,0),(787,16,17,12,2,2014,0),(788,26,17,12,3,2014,0),(789,0,17,13,1,2014,0),(790,0,17,13,2,2014,0),(791,0,17,13,3,2014,0),(792,20,17,14,1,2014,0),(793,20,17,14,2,2014,0),(794,18,17,14,3,2014,0),(795,0,17,15,1,2014,0),(796,0,17,15,2,2014,0),(797,0,17,15,3,2014,0),(798,0,17,16,1,2014,0),(799,0,17,16,2,2014,0),(800,0,17,16,3,2014,0),(801,0,17,17,1,2014,0),(802,0,17,17,2,2014,0),(803,0,17,17,3,2014,0),(804,0,17,18,1,2014,0),(805,0,17,18,2,2014,0),(806,0,17,18,3,2014,0),(807,20,17,28,1,2014,0),(808,0,17,28,2,2014,0),(809,61,17,28,3,2014,0),(810,0,17,29,1,2014,0),(811,0,17,29,2,2014,0),(812,0,17,29,3,2014,0),(813,35,17,30,1,2014,0),(814,35,17,30,2,2014,0),(815,36,17,30,3,2014,0),(816,1,17,31,1,2014,0),(817,0,17,31,2,2014,0),(818,0,17,31,3,2014,0),(819,7,17,32,1,2014,0),(820,5,17,32,2,2014,0),(821,9,17,32,3,2014,0),(822,105,18,1,1,2014,0),(823,109,18,1,2,2014,0),(824,115,18,1,3,2014,0),(825,6,18,2,1,2014,0),(826,2,18,2,2,2014,0),(827,4,18,2,3,2014,0),(828,0,18,3,1,2014,0),(829,0,18,3,2,2014,0),(830,2,18,3,3,2014,0),(831,0,18,4,1,2014,0),(832,12,18,4,2,2014,0),(833,15,18,4,3,2014,0),(834,13,18,5,1,2014,0),(835,16,18,5,2,2014,0),(836,19,18,5,3,2014,0),(837,0,18,6,1,2014,0),(838,0,18,6,2,2014,0),(839,0,18,6,3,2014,0),(840,0,18,7,1,2014,0),(841,4,18,7,2,2014,0),(842,6,18,7,3,2014,0),(843,6,18,8,1,2014,0),(844,6,18,8,2,2014,0),(845,8,18,8,3,2014,0),(846,13,18,9,1,2014,0),(847,16,18,9,2,2014,0),(848,19,18,9,3,2014,0),(849,0,18,10,1,2014,0),(850,0,18,10,2,2014,0),(851,0,18,10,3,2014,0),(852,2,18,11,1,2014,0),(853,6,18,11,2,2014,0),(854,11,18,11,3,2014,0),(855,14,18,12,1,2014,0),(856,29,18,12,2,2014,0),(857,14,18,12,3,2014,0),(858,6,18,13,1,2014,0),(859,2,18,13,2,2014,0),(860,6,18,13,3,2014,0),(861,19,18,14,1,2014,0),(862,25,18,14,2,2014,0),(863,23,18,14,3,2014,0),(864,0,18,15,1,2014,0),(865,0,18,15,2,2014,0),(866,0,18,15,3,2014,0),(867,0,18,16,1,2014,0),(868,0,18,16,2,2014,0),(869,0,18,16,3,2014,0),(870,0,18,17,1,2014,0),(871,0,18,17,2,2014,0),(872,0,18,17,3,2014,0),(873,0,18,18,1,2014,0),(874,0,18,18,2,2014,0),(875,0,18,18,3,2014,0),(876,0,18,28,1,2014,0),(877,2,18,28,2,2014,0),(878,10,18,28,3,2014,0),(879,0,18,29,1,2014,0),(880,0,18,29,2,2014,0),(881,0,18,29,3,2014,0),(882,18,18,30,1,2014,0),(883,25,18,30,2,2014,0),(884,29,18,30,3,2014,0),(885,0,18,31,1,2014,0),(886,1,18,31,2,2014,0),(887,0,18,31,3,2014,0),(888,6,18,32,1,2014,0),(889,15,18,32,2,2014,0),(890,18,18,32,3,2014,0),(891,347,19,1,1,2014,0),(892,263,19,1,2,2014,0),(893,268,19,1,3,2014,0),(894,2,19,2,1,2014,0),(895,1,19,2,2,2014,0),(896,1,19,2,3,2014,0),(897,0,19,3,1,2014,0),(898,5,19,3,2,2014,0),(899,1,19,3,3,2014,0),(900,0,19,4,1,2014,0),(901,6,19,4,2,2014,0),(902,9,19,4,3,2014,0),(903,12,19,5,1,2014,0),(904,19,19,5,2,2014,0),(905,16,19,5,3,2014,0),(906,1,19,6,1,2014,0),(907,2,19,6,2,2014,0),(908,0,19,6,3,2014,0),(909,0,19,7,1,2014,0),(910,10,19,7,2,2014,0),(911,15,19,7,3,2014,0),(912,48,19,8,1,2014,0),(913,42,19,8,2,2014,0),(914,18,19,8,3,2014,0),(915,62,19,9,1,2014,0),(916,48,19,9,2,2014,0),(917,60,19,9,3,2014,0),(918,2,19,10,1,2014,0),(919,0,19,10,2,2014,0),(920,0,19,10,3,2014,0),(921,22,19,11,1,2014,0),(922,52,19,11,2,2014,0),(923,12,19,11,3,2014,0),(924,41,19,12,1,2014,0),(925,40,19,12,2,2014,0),(926,59,19,12,3,2014,0),(927,0,19,13,1,2014,0),(928,0,19,13,2,2014,0),(929,0,19,13,3,2014,0),(930,81,19,14,1,2014,0),(931,60,19,14,2,2014,0),(932,62,19,14,3,2014,0),(933,0,19,15,1,2014,0),(934,0,19,15,2,2014,0),(935,0,19,15,3,2014,0),(936,0,19,16,1,2014,0),(937,0,19,16,2,2014,0),(938,0,19,16,3,2014,0),(939,0,19,17,1,2014,0),(940,0,19,17,2,2014,0),(941,0,19,17,3,2014,0),(942,0,19,18,1,2014,0),(943,0,19,18,2,2014,0),(944,0,19,18,3,2014,0),(945,0,19,28,1,2014,0),(946,36,19,28,2,2014,0),(947,22,19,28,3,2014,0),(948,0,19,29,1,2014,0),(949,0,19,29,2,2014,0),(950,0,19,29,3,2014,0),(951,19,19,30,1,2014,0),(952,32,19,30,2,2014,0),(953,30,19,30,3,2014,0),(954,0,19,31,1,2014,0),(955,1,19,31,2,2014,0),(956,0,19,31,3,2014,0),(957,0,19,32,1,2014,0),(958,11,19,32,2,2014,0),(959,14,19,32,3,2014,0),(960,372,20,1,1,2014,0),(961,407,20,1,2,2014,0),(962,448,20,1,3,2014,0),(963,14,20,2,1,2014,0),(964,20,20,2,2,2014,0),(965,15,20,2,3,2014,0),(966,11,20,3,1,2014,0),(967,11,20,3,2,2014,0),(968,5,20,3,3,2014,0),(969,0,20,4,1,2014,0),(970,5,20,4,2,2014,0),(971,9,20,4,3,2014,0),(972,71,20,5,1,2014,0),(973,44,20,5,2,2014,0),(974,30,20,5,3,2014,0),(975,1,20,6,1,2014,0),(976,1,20,6,2,2014,0),(977,1,20,6,3,2014,0),(978,0,20,7,1,2014,0),(979,67,20,7,2,2014,0),(980,49,20,7,3,2014,0),(981,56,20,8,1,2014,0),(982,48,20,8,2,2014,0),(983,41,20,8,3,2014,0),(984,76,20,9,1,2014,0),(985,50,20,9,2,2014,0),(986,39,20,9,3,2014,0),(987,0,20,10,1,2014,0),(988,0,20,10,2,2014,0),(989,0,20,10,3,2014,0),(990,0,20,11,1,2014,0),(991,0,20,11,2,2014,0),(992,0,20,11,3,2014,0),(993,69,20,12,1,2014,0),(994,56,20,12,2,2014,0),(995,47,20,12,3,2014,0),(996,23,20,13,1,2014,0),(997,8,20,13,2,2014,0),(998,0,20,13,3,2014,0),(999,98,20,14,1,2014,0),(1000,73,20,14,2,2014,0),(1001,48,20,14,3,2014,0),(1002,0,20,15,1,2014,0),(1003,0,20,15,2,2014,0),(1004,0,20,15,3,2014,0),(1005,0,20,16,1,2014,0),(1006,0,20,16,2,2014,0),(1007,0,20,16,3,2014,0),(1008,0,20,17,1,2014,0),(1009,0,20,17,2,2014,0),(1010,0,20,17,3,2014,0),(1011,0,20,18,1,2014,0),(1012,0,20,18,2,2014,0),(1013,0,20,18,3,2014,0),(1014,0,20,28,1,2014,0),(1015,11,20,28,2,2014,0),(1016,46,20,28,3,2014,0),(1017,0,20,29,1,2014,0),(1018,0,20,29,2,2014,0),(1019,0,20,29,3,2014,0),(1020,45,20,30,1,2014,0),(1021,41,20,30,2,2014,0),(1022,57,20,30,3,2014,0),(1023,0,20,31,1,2014,0),(1024,1,20,31,2,2014,0),(1025,0,20,31,3,2014,0),(1026,44,20,32,1,2014,0),(1027,32,20,32,2,2014,0),(1028,21,20,32,3,2014,0),(1029,111,21,1,1,2014,0),(1030,124,21,1,2,2014,0),(1031,154,21,1,3,2014,0),(1032,3,21,2,1,2014,0),(1033,6,21,2,2,2014,0),(1034,7,21,2,3,2014,0),(1035,0,21,3,1,2014,0),(1036,0,21,3,2,2014,0),(1037,0,21,3,3,2014,0),(1038,0,21,4,1,2014,0),(1039,8,21,4,2,2014,0),(1040,6,21,4,3,2014,0),(1041,0,21,5,1,2014,0),(1042,2,21,5,2,2014,0),(1043,6,21,5,3,2014,0),(1044,0,21,6,1,2014,0),(1045,1,21,6,2,2014,0),(1046,0,21,6,3,2014,0),(1047,0,21,7,1,2014,0),(1048,1,21,7,2,2014,0),(1049,4,21,7,3,2014,0),(1050,6,21,8,1,2014,0),(1051,15,21,8,2,2014,0),(1052,11,21,8,3,2014,0),(1053,18,21,9,1,2014,0),(1054,7,21,9,2,2014,0),(1055,11,21,9,3,2014,0),(1056,2,21,10,1,2014,0),(1057,0,21,10,2,2014,0),(1058,0,21,10,3,2014,0),(1059,5,21,11,1,2014,0),(1060,2,21,11,2,2014,0),(1061,4,21,11,3,2014,0),(1062,17,21,12,1,2014,0),(1063,14,21,12,2,2014,0),(1064,18,21,12,3,2014,0),(1065,12,21,13,1,2014,0),(1066,0,21,13,2,2014,0),(1067,0,21,13,3,2014,0),(1068,17,21,14,1,2014,0),(1069,23,21,14,2,2014,0),(1070,17,21,14,3,2014,0),(1071,0,21,15,1,2014,0),(1072,0,21,15,2,2014,0),(1073,0,21,15,3,2014,0),(1074,0,21,16,1,2014,0),(1075,0,21,16,2,2014,0),(1076,0,21,16,3,2014,0),(1077,0,21,17,1,2014,0),(1078,0,21,17,2,2014,0),(1079,0,21,17,3,2014,0),(1080,0,21,18,1,2014,0),(1081,0,21,18,2,2014,0),(1082,0,21,18,3,2014,0),(1083,20,21,28,1,2014,0),(1084,26,21,28,2,2014,0),(1085,14,21,28,3,2014,0),(1086,0,21,29,1,2014,0),(1087,0,21,29,2,2014,0),(1088,0,21,29,3,2014,0),(1089,5,21,30,1,2014,0),(1090,21,21,30,2,2014,0),(1091,17,21,30,3,2014,0),(1092,0,21,31,1,2014,0),(1093,1,21,31,2,2014,0),(1094,0,21,31,3,2014,0),(1095,0,21,32,1,2014,0),(1096,0,21,32,2,2014,0),(1097,2,21,32,3,2014,0),(1098,92,6,1,1,2014,0),(1099,91,6,1,2,2014,0),(1100,91,6,1,3,2014,0),(1101,1,6,2,1,2014,0),(1102,4,6,2,2,2014,0),(1103,9,6,2,3,2014,0),(1104,0,6,3,1,2014,0),(1105,0,6,3,2,2014,0),(1106,0,6,3,3,2014,0),(1107,0,6,4,1,2014,0),(1108,0,6,4,2,2014,0),(1109,0,6,4,3,2014,0),(1110,0,6,5,1,2014,0),(1111,2,6,5,2,2014,0),(1112,4,6,5,3,2014,0),(1113,0,6,6,1,2014,0),(1114,0,6,6,2,2014,0),(1115,0,6,6,3,2014,0),(1116,0,6,7,1,2014,0),(1117,17,6,7,2,2014,0),(1118,14,6,7,3,2014,0),(1119,65,6,8,1,2014,0),(1120,48,6,8,2,2014,0),(1121,39,6,8,3,2014,0),(1122,93,6,9,1,2014,0),(1123,79,6,9,2,2014,0),(1124,90,6,9,3,2014,0),(1125,2,6,10,1,2014,0),(1126,59,6,10,2,2014,0),(1127,3,6,10,3,2014,0),(1128,8,6,11,1,2014,0),(1129,4,6,11,2,2014,0),(1130,10,6,11,3,2014,0),(1131,55,6,12,1,2014,0),(1132,47,6,12,2,2014,0),(1133,87,6,12,3,2014,0),(1134,2,6,13,1,2014,0),(1135,10,6,13,2,2014,0),(1136,2,6,13,3,2014,0),(1137,59,6,14,1,2014,0),(1138,51,6,14,2,2014,0),(1139,33,6,14,3,2014,0),(1140,6,6,15,1,2014,0),(1141,4,6,15,2,2014,0),(1142,2,6,15,3,2014,0),(1143,0,6,16,1,2014,0),(1144,0,6,16,2,2014,0),(1145,0,6,16,3,2014,0),(1146,0,6,17,1,2014,0),(1147,0,6,17,2,2014,0),(1148,0,6,17,3,2014,0),(1149,0,6,18,1,2014,0),(1150,0,6,18,2,2014,0),(1151,0,6,18,3,2014,0),(1152,4,6,28,1,2014,0),(1153,30,6,28,2,2014,0),(1154,18,6,28,3,2014,0),(1155,0,6,29,1,2014,0),(1156,0,6,29,2,2014,0),(1157,0,6,29,3,2014,0),(1158,0,6,30,1,2014,0),(1159,27,6,30,2,2014,0),(1160,40,6,30,3,2014,0),(1161,0,6,31,1,2014,0),(1162,0,6,31,2,2014,0),(1163,0,6,31,3,2014,0),(1164,0,6,32,1,2014,0),(1165,0,6,32,2,2014,0),(1166,1,6,32,3,2014,0),(1167,109,7,1,1,2014,0),(1168,86,7,1,2,2014,0),(1169,88,7,1,3,2014,0),(1170,4,7,2,1,2014,0),(1171,6,7,2,2,2014,0),(1172,4,7,2,3,2014,0),(1173,0,7,3,1,2014,0),(1174,6,7,3,2,2014,0),(1175,1,7,3,3,2014,0),(1176,0,7,4,1,2014,0),(1177,3,7,4,2,2014,0),(1178,6,7,4,3,2014,0),(1179,4,7,5,1,2014,0),(1180,10,7,5,2,2014,0),(1181,4,7,5,3,2014,0),(1182,1,7,6,1,2014,0),(1183,0,7,6,2,2014,0),(1184,0,7,6,3,2014,0),(1185,0,7,7,1,2014,0),(1186,5,7,7,2,2014,0),(1187,2,7,7,3,2014,0),(1188,0,7,8,1,2014,0),(1189,21,7,8,2,2014,0),(1190,15,7,8,3,2014,0),(1191,26,7,9,1,2014,0),(1192,24,7,9,2,2014,0),(1193,29,7,9,3,2014,0),(1194,0,7,10,1,2014,0),(1195,0,7,10,2,2014,0),(1196,0,7,10,3,2014,0),(1197,6,7,11,1,2014,0),(1198,6,7,11,2,2014,0),(1199,2,7,11,3,2014,0),(1200,22,7,12,1,2014,0),(1201,52,7,12,2,2014,0),(1202,23,7,12,3,2014,0),(1203,0,7,13,1,2014,0),(1204,3,7,13,2,2014,0),(1205,69,7,13,3,2014,0),(1206,44,7,14,1,2014,0),(1207,33,7,14,2,2014,0),(1208,14,7,14,3,2014,0),(1209,0,7,15,1,2014,0),(1210,0,7,15,2,2014,0),(1211,0,7,15,3,2014,0),(1212,0,7,16,1,2014,0),(1213,0,7,16,2,2014,0),(1214,0,7,16,3,2014,0),(1215,0,7,17,1,2014,0),(1216,0,7,17,2,2014,0),(1217,0,7,17,3,2014,0),(1218,0,7,18,1,2014,0),(1219,0,7,18,2,2014,0),(1220,0,7,18,3,2014,0),(1221,0,7,28,1,2014,0),(1222,22,7,28,2,2014,0),(1223,102,7,28,3,2014,0),(1224,0,7,29,1,2014,0),(1225,0,7,29,2,2014,0),(1226,0,7,29,3,2014,0),(1227,18,7,30,1,2014,0),(1228,82,7,30,2,2014,0),(1229,99,7,30,3,2014,0),(1230,0,7,31,1,2014,0),(1231,1,7,31,2,2014,0),(1232,0,7,31,3,2014,0),(1233,0,7,32,1,2014,0),(1234,3,7,32,2,2014,0),(1235,4,7,32,3,2014,0),(1236,536,8,1,1,2014,0),(1237,476,8,1,2,2014,0),(1238,519,8,1,3,2014,0),(1239,5,8,2,1,2014,0),(1240,4,8,2,2,2014,0),(1241,4,8,2,3,2014,0),(1242,0,8,3,1,2014,0),(1243,1,8,3,2,2014,0),(1244,3,8,3,3,2014,0),(1245,0,8,4,1,2014,0),(1246,14,8,4,2,2014,0),(1247,18,8,4,3,2014,0),(1248,47,8,5,1,2014,0),(1249,56,8,5,2,2014,0),(1250,40,8,5,3,2014,0),(1251,2,8,6,1,2014,0),(1252,5,8,6,2,2014,0),(1253,4,8,6,3,2014,0),(1254,0,8,7,1,2014,0),(1255,21,8,7,2,2014,0),(1256,28,8,7,3,2014,0),(1257,122,8,8,1,2014,0),(1258,47,8,8,2,2014,0),(1259,55,8,8,3,2014,0),(1260,49,8,9,1,2014,0),(1261,56,8,9,2,2014,0),(1262,40,8,9,3,2014,0),(1263,1,8,10,1,2014,0),(1264,0,8,10,2,2014,0),(1265,1,8,10,3,2014,0),(1266,61,8,11,1,2014,0),(1267,33,8,11,2,2014,0),(1268,71,8,11,3,2014,0),(1269,64,8,12,1,2014,0),(1270,17,8,12,2,2014,0),(1271,34,8,12,3,2014,0),(1272,0,8,13,1,2014,0),(1273,0,8,13,2,2014,0),(1274,48,8,13,3,2014,0),(1275,162,8,14,1,2014,0),(1276,105,8,14,2,2014,0),(1277,108,8,14,3,2014,0),(1278,0,8,15,1,2014,0),(1279,2,8,15,2,2014,0),(1280,0,8,15,3,2014,0),(1281,0,8,16,1,2014,0),(1282,0,8,16,2,2014,0),(1283,0,8,16,3,2014,0),(1284,0,8,17,1,2014,0),(1285,0,8,17,2,2014,0),(1286,0,8,17,3,2014,0),(1287,0,8,18,1,2014,0),(1288,0,8,18,2,2014,0),(1289,0,8,18,3,2014,0),(1290,0,8,28,1,2014,0),(1291,0,8,28,2,2014,0),(1292,83,8,28,3,2014,0),(1293,0,8,29,1,2014,0),(1294,0,8,29,2,2014,0),(1295,0,8,29,3,2014,0),(1296,0,8,30,1,2014,0),(1297,0,8,30,2,2014,0),(1298,3,8,30,3,2014,0),(1299,0,8,31,1,2014,0),(1300,1,8,31,2,2014,0),(1301,0,8,31,3,2014,0),(1302,0,8,32,1,2014,0),(1303,0,8,32,2,2014,0),(1304,3,8,32,3,2014,0),(1305,333,26,1,1,2014,0),(1306,342,26,1,2,2014,0),(1307,340,26,1,3,2014,0),(1308,10,26,2,1,2014,0),(1309,12,26,2,2,2014,0),(1310,7,26,2,3,2014,0),(1311,3,26,3,1,2014,0),(1312,19,26,3,2,2014,0),(1313,11,26,3,3,2014,0),(1314,0,26,4,1,2014,0),(1315,10,26,4,2,2014,0),(1316,14,26,4,3,2014,0),(1317,22,26,5,1,2014,0),(1318,19,26,5,2,2014,0),(1319,14,26,5,3,2014,0),(1320,0,26,6,1,2014,0),(1321,2,26,6,2,2014,0),(1322,1,26,6,3,2014,0),(1323,0,26,7,1,2014,0),(1324,10,26,7,2,2014,0),(1325,31,26,7,3,2014,0),(1326,16,26,8,1,2014,0),(1327,18,26,8,2,2014,0),(1328,32,26,8,3,2014,0),(1329,36,26,9,1,2014,0),(1330,30,26,9,2,2014,0),(1331,0,26,9,3,2014,0),(1332,0,26,10,1,2014,0),(1333,0,26,10,2,2014,0),(1334,0,26,10,3,2014,0),(1335,0,26,11,1,2014,0),(1336,0,26,11,2,2014,0),(1337,0,26,11,3,2014,0),(1338,19,26,12,1,2014,0),(1339,25,26,12,2,2014,0),(1340,24,26,12,3,2014,0),(1341,20,26,13,1,2014,0),(1342,11,26,13,2,2014,0),(1343,15,26,13,3,2014,0),(1344,131,26,14,1,2014,0),(1345,0,26,14,2,2014,0),(1346,4,26,14,3,2014,0),(1347,0,26,15,1,2014,0),(1348,0,26,15,2,2014,0),(1349,0,26,15,3,2014,0),(1350,0,26,16,1,2014,0),(1351,0,26,16,2,2014,0),(1352,0,26,16,3,2014,0),(1353,0,26,17,1,2014,0),(1354,0,26,17,2,2014,0),(1355,0,26,17,3,2014,0),(1356,0,26,18,1,2014,0),(1357,0,26,18,2,2014,0),(1358,0,26,18,3,2014,0),(1359,0,26,28,1,2014,0),(1360,0,26,28,2,2014,0),(1361,28,26,28,3,2014,0),(1362,0,26,29,1,2014,0),(1363,0,26,29,2,2014,0),(1364,0,26,29,3,2014,0),(1365,45,26,30,1,2014,0),(1366,45,26,30,2,2014,0),(1367,48,26,30,3,2014,0),(1368,0,26,31,1,2014,0),(1369,1,26,31,2,2014,0),(1370,0,26,31,3,2014,0),(1371,10,26,32,1,2014,0),(1372,11,26,32,2,2014,0),(1373,10,26,32,3,2014,0),(1374,855,9,1,1,2014,0),(1375,704,9,1,2,2014,0),(1376,738,9,1,3,2014,0),(1377,13,9,2,1,2014,0),(1378,11,9,2,2,2014,0),(1379,18,9,2,3,2014,0),(1380,4,9,3,1,2014,0),(1381,7,9,3,2,2014,0),(1382,8,9,3,3,2014,0),(1383,0,9,4,1,2014,0),(1384,13,9,4,2,2014,0),(1385,10,9,4,3,2014,0),(1386,58,9,5,1,2014,0),(1387,61,9,5,2,2014,0),(1388,58,9,5,3,2014,0),(1389,4,9,6,1,2014,0),(1390,3,9,6,2,2014,0),(1391,3,9,6,3,2014,0),(1392,0,9,7,1,2014,0),(1393,15,9,7,2,2014,0),(1394,33,9,7,3,2014,0),(1395,84,9,8,1,2014,0),(1396,132,9,8,2,2014,0),(1397,121,9,8,3,2014,0),(1398,113,9,9,1,2014,0),(1399,101,9,9,2,2014,0),(1400,74,9,9,3,2014,0),(1401,0,9,10,1,2014,0),(1402,0,9,10,2,2014,0),(1403,0,9,10,3,2014,0),(1404,0,9,11,1,2014,0),(1405,0,9,11,2,2014,0),(1406,0,9,11,3,2014,0),(1407,66,9,12,1,2014,0),(1408,43,9,12,2,2014,0),(1409,67,9,12,3,2014,0),(1410,0,9,13,1,2014,0),(1411,22,9,13,2,2014,0),(1412,14,9,13,3,2014,0),(1413,302,9,14,1,2014,0),(1414,160,9,14,2,2014,0),(1415,87,9,14,3,2014,0),(1416,2,9,15,1,2014,0),(1417,1,9,15,2,2014,0),(1418,0,9,15,3,2014,0),(1419,3,9,16,1,2014,0),(1420,2,9,16,2,2014,0),(1421,0,9,16,3,2014,0),(1422,1,9,17,1,2014,0),(1423,5,9,17,2,2014,0),(1424,2,9,17,3,2014,0),(1425,1,9,18,1,2014,0),(1426,0,9,18,2,2014,0),(1427,0,9,18,3,2014,0),(1428,0,9,28,1,2014,0),(1429,21,9,28,2,2014,0),(1430,157,9,28,3,2014,0),(1431,0,9,29,1,2014,0),(1432,0,9,29,2,2014,0),(1433,0,9,29,3,2014,0),(1434,50,9,30,1,2014,0),(1435,48,9,30,2,2014,0),(1436,52,9,30,3,2014,0),(1437,1,9,31,1,2014,0),(1438,0,9,31,2,2014,0),(1439,0,9,31,3,2014,0),(1440,29,9,32,1,2014,0),(1441,33,9,32,2,2014,0),(1442,39,9,32,3,2014,0),(1443,76,22,1,1,2014,0),(1444,132,22,1,2,2014,0),(1445,119,22,1,3,2014,0),(1446,2,22,2,1,2014,0),(1447,1,22,2,2,2014,0),(1448,5,22,2,3,2014,0),(1449,0,22,3,1,2014,0),(1450,0,22,3,2,2014,0),(1451,0,22,3,3,2014,0),(1452,0,22,4,1,2014,0),(1453,1,22,4,2,2014,0),(1454,1,22,4,3,2014,0),(1455,10,22,5,1,2014,0),(1456,5,22,5,2,2014,0),(1457,10,22,5,3,2014,0),(1458,2,22,6,1,2014,0),(1459,4,22,6,2,2014,0),(1460,3,22,6,3,2014,0),(1461,0,22,7,1,2014,0),(1462,0,22,7,2,2014,0),(1463,0,22,7,3,2014,0),(1464,1,22,8,1,2014,0),(1465,15,22,8,2,2014,0),(1466,6,22,8,3,2014,0),(1467,11,22,9,1,2014,0),(1468,5,22,9,2,2014,0),(1469,10,22,9,3,2014,0),(1470,0,22,10,1,2014,0),(1471,2,22,10,2,2014,0),(1472,0,22,10,3,2014,0),(1473,3,22,11,1,2014,0),(1474,3,22,11,2,2014,0),(1475,8,22,11,3,2014,0),(1476,0,22,12,1,2014,0),(1477,32,22,12,2,2014,0),(1478,10,22,12,3,2014,0),(1479,0,22,13,1,2014,0),(1480,0,22,13,2,2014,0),(1481,0,22,13,3,2014,0),(1482,12,22,14,1,2014,0),(1483,18,22,14,2,2014,0),(1484,7,22,14,3,2014,0),(1485,0,22,15,1,2014,0),(1486,0,22,15,2,2014,0),(1487,0,22,15,3,2014,0),(1488,0,22,16,1,2014,0),(1489,0,22,16,2,2014,0),(1490,0,22,16,3,2014,0),(1491,0,22,17,1,2014,0),(1492,0,22,17,2,2014,0),(1493,0,22,17,3,2014,0),(1494,0,22,18,1,2014,0),(1495,0,22,18,2,2014,0),(1496,0,22,18,3,2014,0),(1497,1,22,28,1,2014,0),(1498,7,22,28,2,2014,0),(1499,12,22,28,3,2014,0),(1500,0,22,29,1,2014,0),(1501,0,22,29,2,2014,0),(1502,0,22,29,3,2014,0),(1503,20,22,30,1,2014,0),(1504,16,22,30,2,2014,0),(1505,19,22,30,3,2014,0),(1506,0,22,31,1,2014,0),(1507,1,22,31,2,2014,0),(1508,0,22,31,3,2014,0),(1509,9,22,32,1,2014,0),(1510,3,22,32,2,2014,0),(1511,5,22,32,3,2014,0),(1512,410,29,1,1,2014,0),(1513,371,29,1,2,2014,0),(1514,306,29,1,3,2014,0),(1515,7,29,2,1,2014,0),(1516,5,29,2,2,2014,0),(1517,6,29,2,3,2014,0),(1518,0,29,3,1,2014,0),(1519,7,29,3,2,2014,0),(1520,2,29,3,3,2014,0),(1521,0,29,4,1,2014,0),(1522,17,29,4,2,2014,0),(1523,14,29,4,3,2014,0),(1524,31,29,5,1,2014,0),(1525,31,29,5,2,2014,0),(1526,35,29,5,3,2014,0),(1527,1,29,6,1,2014,0),(1528,0,29,6,2,2014,0),(1529,1,29,6,3,2014,0),(1530,0,29,7,1,2014,0),(1531,130,29,7,2,2014,0),(1532,72,29,7,3,2014,0),(1533,125,29,8,1,2014,0),(1534,120,29,8,2,2014,0),(1535,63,29,8,3,2014,0),(1536,30,29,9,1,2014,0),(1537,31,29,9,2,2014,0),(1538,35,29,9,3,2014,0),(1539,0,29,10,1,2014,0),(1540,0,29,10,2,2014,0),(1541,0,29,10,3,2014,0),(1542,0,29,11,1,2014,0),(1543,0,29,11,2,2014,0),(1544,0,29,11,3,2014,0),(1545,25,29,12,1,2014,0),(1546,66,29,12,2,2014,0),(1547,26,29,12,3,2014,0),(1548,35,29,13,1,2014,0),(1549,33,29,13,2,2014,0),(1550,39,29,13,3,2014,0),(1551,53,29,14,1,2014,0),(1552,219,29,14,2,2014,0),(1553,155,29,14,3,2014,0),(1554,0,29,15,1,2014,0),(1555,0,29,15,2,2014,0),(1556,0,29,15,3,2014,0),(1557,0,29,16,1,2014,0),(1558,0,29,16,2,2014,0),(1559,0,29,16,3,2014,0),(1560,0,29,17,1,2014,0),(1561,0,29,17,2,2014,0),(1562,0,29,17,3,2014,0),(1563,0,29,18,1,2014,0),(1564,0,29,18,2,2014,0),(1565,0,29,18,3,2014,0),(1566,0,29,28,1,2014,0),(1567,0,29,28,2,2014,0),(1568,46,29,28,3,2014,0),(1569,0,29,29,1,2014,0),(1570,0,29,29,2,2014,0),(1571,0,29,29,3,2014,0),(1572,81,29,30,1,2014,0),(1573,92,29,30,2,2014,0),(1574,95,29,30,3,2014,0),(1575,1,29,31,1,2014,0),(1576,0,29,31,2,2014,0),(1577,0,29,31,3,2014,0),(1578,10,29,32,1,2014,0),(1579,14,29,32,2,2014,0),(1580,18,29,32,3,2014,0),(1581,161,23,1,1,2014,0),(1582,165,23,1,2,2014,0),(1583,144,23,1,3,2014,0),(1584,0,23,2,1,2014,0),(1585,3,23,2,2,2014,0),(1586,1,23,2,3,2014,0),(1587,0,23,3,1,2014,0),(1588,0,23,3,2,2014,0),(1589,1,23,3,3,2014,0),(1590,0,23,4,1,2014,0),(1591,12,23,4,2,2014,0),(1592,2,23,4,3,2014,0),(1593,3,23,5,1,2014,0),(1594,6,23,5,2,2014,0),(1595,3,23,5,3,2014,0),(1596,2,23,6,1,2014,0),(1597,0,23,6,2,2014,0),(1598,0,23,6,3,2014,0),(1599,0,23,7,1,2014,0),(1600,10,23,7,2,2014,0),(1601,8,23,7,3,2014,0),(1602,17,23,8,1,2014,0),(1603,16,23,8,2,2014,0),(1604,25,23,8,3,2014,0),(1605,0,23,9,1,2014,0),(1606,11,23,9,2,2014,0),(1607,23,23,9,3,2014,0),(1608,0,23,10,1,2014,0),(1609,100,23,10,2,2014,0),(1610,3,23,10,3,2014,0),(1611,8,23,11,1,2014,0),(1612,25,23,11,2,2014,0),(1613,6,23,11,3,2014,0),(1614,16,23,12,1,2014,0),(1615,18,23,12,2,2014,0),(1616,23,23,12,3,2014,0),(1617,4,23,13,1,2014,0),(1618,1,23,13,2,2014,0),(1619,1,23,13,3,2014,0),(1620,32,23,14,1,2014,0),(1621,22,23,14,2,2014,0),(1622,23,23,14,3,2014,0),(1623,0,23,15,1,2014,0),(1624,0,23,15,2,2014,0),(1625,0,23,15,3,2014,0),(1626,0,23,16,1,2014,0),(1627,0,23,16,2,2014,0),(1628,0,23,16,3,2014,0),(1629,0,23,17,1,2014,0),(1630,0,23,17,2,2014,0),(1631,0,23,17,3,2014,0),(1632,0,23,18,1,2014,0),(1633,0,23,18,2,2014,0),(1634,0,23,18,3,2014,0),(1635,0,23,28,1,2014,0),(1636,20,23,28,2,2014,0),(1637,42,23,28,3,2014,0),(1638,0,23,29,1,2014,0),(1639,0,23,29,2,2014,0),(1640,0,23,29,3,2014,0),(1641,35,23,30,1,2014,0),(1642,42,23,30,2,2014,0),(1643,40,23,30,3,2014,0),(1644,0,23,31,1,2014,0),(1645,1,23,31,2,2014,0),(1646,0,23,31,3,2014,0),(1647,1,23,32,1,2014,0),(1648,2,23,32,2,2014,0),(1649,2,23,32,3,2014,0),(1650,0,10,28,1,2014,0),(1651,0,10,29,1,2014,0),(1652,0,10,30,1,2014,0),(1653,0,10,31,1,2014,0),(1654,0,10,32,1,2014,0),(1655,242,11,1,1,2014,0),(1656,284,11,1,2,2014,0),(1657,367,11,1,3,2014,0),(1658,4,11,2,1,2014,0),(1659,4,11,2,2,2014,0),(1660,4,11,2,3,2014,0),(1661,12,11,3,1,2014,0),(1662,11,11,3,2,2014,0),(1663,6,11,3,3,2014,0),(1664,0,11,4,1,2014,0),(1665,15,11,4,2,2014,0),(1666,16,11,4,3,2014,0),(1667,40,11,5,1,2014,0),(1668,38,11,5,2,2014,0),(1669,24,11,5,3,2014,0),(1670,3,11,6,1,2014,0),(1671,0,11,6,2,2014,0),(1672,0,11,6,3,2014,0),(1673,0,11,7,1,2014,0),(1674,15,11,7,2,2014,0),(1675,13,11,7,3,2014,0),(1676,45,11,8,1,2014,0),(1677,62,11,8,2,2014,0),(1678,31,11,8,3,2014,0),(1679,101,11,9,1,2014,0),(1680,108,11,9,2,2014,0),(1681,94,11,9,3,2014,0),(1682,0,11,10,1,2014,0),(1683,5,11,10,2,2014,0),(1684,2,11,10,3,2014,0),(1685,23,11,11,1,2014,0),(1686,20,11,11,2,2014,0),(1687,20,11,11,3,2014,0),(1688,65,11,12,1,2014,0),(1689,81,11,12,2,2014,0),(1690,30,11,12,3,2014,0),(1691,1,11,13,1,2014,0),(1692,0,11,13,2,2014,0),(1693,5,11,13,3,2014,0),(1694,117,11,14,1,2014,0),(1695,75,11,14,2,2014,0),(1696,74,11,14,3,2014,0),(1697,3,11,15,1,2014,0),(1698,1,11,15,2,2014,0),(1699,0,11,15,3,2014,0),(1700,0,11,16,1,2014,0),(1701,0,11,16,2,2014,0),(1702,0,11,16,3,2014,0),(1703,0,11,17,1,2014,0),(1704,0,11,17,2,2014,0),(1705,0,11,17,3,2014,0),(1706,0,11,18,1,2014,0),(1707,0,11,18,2,2014,0),(1708,0,11,18,3,2014,0),(1709,0,11,28,1,2014,0),(1710,85,11,28,2,2014,0),(1711,63,11,28,3,2014,0),(1712,0,11,29,1,2014,0),(1713,0,11,29,2,2014,0),(1714,0,11,29,3,2014,0),(1715,50,11,30,1,2014,0),(1716,92,11,30,2,2014,0),(1717,85,11,30,3,2014,0),(1718,1,11,31,1,2014,0),(1719,0,11,31,2,2014,0),(1720,0,11,31,3,2014,0),(1721,12,11,32,1,2014,0),(1722,9,11,32,2,2014,0),(1723,3,11,32,3,2014,0),(1724,54,12,1,1,2014,0),(1725,22,12,1,2,2014,0),(1726,19,12,1,3,2014,0),(1727,0,12,2,1,2014,0),(1728,0,12,2,2,2014,0),(1729,0,12,2,3,2014,0),(1730,0,12,3,1,2014,0),(1731,0,12,3,2,2014,0),(1732,1,12,3,3,2014,0),(1733,0,12,4,1,2014,0),(1734,3,12,4,2,2014,0),(1735,1,12,4,3,2014,0),(1736,2,12,5,1,2014,0),(1737,3,12,5,2,2014,0),(1738,1,12,5,3,2014,0),(1739,0,12,6,1,2014,0),(1740,0,12,6,2,2014,0),(1741,0,12,6,3,2014,0),(1742,0,12,7,1,2014,0),(1743,0,12,7,2,2014,0),(1744,3,12,7,3,2014,0),(1745,21,12,8,1,2014,0),(1746,15,12,8,2,2014,0),(1747,12,12,8,3,2014,0),(1748,19,12,9,1,2014,0),(1749,20,12,9,2,2014,0),(1750,18,12,9,3,2014,0),(1751,0,12,10,1,2014,0),(1752,0,12,10,2,2014,0),(1753,0,12,10,3,2014,0),(1754,5,12,11,1,2014,0),(1755,2,12,11,2,2014,0),(1756,0,12,11,3,2014,0),(1757,16,12,12,1,2014,0),(1758,21,12,12,2,2014,0),(1759,27,12,12,3,2014,0),(1760,0,12,13,1,2014,0),(1761,0,12,13,2,2014,0),(1762,0,12,13,3,2014,0),(1763,31,12,14,1,2014,0),(1764,21,12,14,2,2014,0),(1765,17,12,14,3,2014,0),(1766,0,12,15,1,2014,0),(1767,0,12,15,2,2014,0),(1768,0,12,15,3,2014,0),(1769,0,12,16,1,2014,0),(1770,0,12,16,2,2014,0),(1771,0,12,16,3,2014,0),(1772,0,12,17,1,2014,0),(1773,0,12,17,2,2014,0),(1774,0,12,17,3,2014,0),(1775,0,12,18,1,2014,0),(1776,0,12,18,2,2014,0),(1777,0,12,18,3,2014,0),(1778,10,12,28,1,2014,0),(1779,5,12,28,2,2014,0),(1780,15,12,28,3,2014,0),(1781,0,12,29,1,2014,0),(1782,0,12,29,2,2014,0),(1783,0,12,29,3,2014,0),(1784,11,12,30,1,2014,0),(1785,13,12,30,2,2014,0),(1786,18,12,30,3,2014,0),(1787,0,12,31,1,2014,0),(1788,1,12,31,2,2014,0),(1789,0,12,31,3,2014,0),(1790,2,12,32,1,2014,0),(1791,0,12,32,2,2014,0),(1792,1,12,32,3,2014,0),(1793,298,24,1,1,2014,0),(1794,294,24,1,2,2014,0),(1795,308,24,1,3,2014,0),(1796,2,24,2,1,2014,0),(1797,2,24,2,2,2014,0),(1798,5,24,2,3,2014,0),(1799,2,24,3,1,2014,0),(1800,1,24,3,2,2014,0),(1801,4,24,3,3,2014,0),(1802,0,24,4,1,2014,0),(1803,5,24,4,2,2014,0),(1804,11,24,4,3,2014,0),(1805,15,24,5,1,2014,0),(1806,22,24,5,2,2014,0),(1807,34,24,5,3,2014,0),(1808,1,24,6,1,2014,0),(1809,0,24,6,2,2014,0),(1810,2,24,6,3,2014,0),(1811,0,24,7,1,2014,0),(1812,0,24,7,2,2014,0),(1813,0,24,7,3,2014,0),(1814,41,24,8,1,2014,0),(1815,42,24,8,2,2014,0),(1816,71,24,8,3,2014,0),(1817,15,24,9,1,2014,0),(1818,22,24,9,2,2014,0),(1819,43,24,9,3,2014,0),(1820,2,24,10,1,2014,0),(1821,0,24,10,2,2014,0),(1822,2,24,10,3,2014,0),(1823,12,24,11,1,2014,0),(1824,13,24,11,2,2014,0),(1825,9,24,11,3,2014,0),(1826,28,24,12,1,2014,0),(1827,70,24,12,2,2014,0),(1828,52,24,12,3,2014,0),(1829,2,24,13,1,2014,0),(1830,3,24,13,2,2014,0),(1831,0,24,13,3,2014,0),(1832,47,24,14,1,2014,0),(1833,66,24,14,2,2014,0),(1834,65,24,14,3,2014,0),(1835,0,24,15,1,2014,0),(1836,0,24,15,2,2014,0),(1837,2,24,15,3,2014,0),(1838,0,24,16,1,2014,0),(1839,0,24,16,2,2014,0),(1840,0,24,16,3,2014,0),(1841,0,24,17,1,2014,0),(1842,0,24,17,2,2014,0),(1843,0,24,17,3,2014,0),(1844,0,24,18,1,2014,0),(1845,0,24,18,2,2014,0),(1846,0,24,18,3,2014,0),(1847,17,24,28,1,2014,0),(1848,22,24,28,2,2014,0),(1849,27,24,28,3,2014,0),(1850,0,24,29,1,2014,0),(1851,0,24,29,2,2014,0),(1852,0,24,29,3,2014,0),(1853,39,24,30,1,2014,0),(1854,35,24,30,2,2014,0),(1855,38,24,30,3,2014,0),(1856,1,24,31,1,2014,0),(1857,0,24,31,2,2014,0),(1858,0,24,31,3,2014,0),(1859,0,24,32,1,2014,0),(1860,5,24,32,2,2014,0),(1861,9,24,32,3,2014,0),(1862,606,13,1,1,2014,0),(1863,482,13,1,2,2014,0),(1864,472,13,1,3,2014,0),(1865,21,13,2,1,2014,0),(1866,9,13,2,2,2014,0),(1867,21,13,2,3,2014,0),(1868,28,13,3,1,2014,0),(1869,24,13,3,2,2014,0),(1870,16,13,3,3,2014,0),(1871,0,13,4,1,2014,0),(1872,7,13,4,2,2014,0),(1873,28,13,4,3,2014,0),(1874,61,13,5,1,2014,0),(1875,62,13,5,2,2014,0),(1876,65,13,5,3,2014,0),(1877,5,13,6,1,2014,0),(1878,6,13,6,2,2014,0),(1879,10,13,6,3,2014,0),(1880,0,13,7,1,2014,0),(1881,64,13,7,2,2014,0),(1882,60,13,7,3,2014,0),(1883,91,13,8,1,2014,0),(1884,72,13,8,2,2014,0),(1885,84,13,8,3,2014,0),(1886,61,13,9,1,2014,0),(1887,79,13,9,2,2014,0),(1888,96,13,9,3,2014,0),(1889,0,13,10,1,2014,0),(1890,0,13,10,2,2014,0),(1891,0,13,10,3,2014,0),(1892,0,13,11,1,2014,0),(1893,0,13,11,2,2014,0),(1894,0,13,11,3,2014,0),(1895,60,13,12,1,2014,0),(1896,64,13,12,2,2014,0),(1897,61,13,12,3,2014,0),(1898,32,13,13,1,2014,0),(1899,26,13,13,2,2014,0),(1900,23,13,13,3,2014,0),(1901,100,13,14,1,2014,0),(1902,80,13,14,2,2014,0),(1903,96,13,14,3,2014,0),(1904,2,13,15,1,2014,0),(1905,3,13,15,2,2014,0),(1906,4,13,15,3,2014,0),(1907,4,13,16,1,2014,0),(1908,0,13,16,2,2014,0),(1909,5,13,16,3,2014,0),(1910,0,13,17,1,2014,0),(1911,0,13,17,2,2014,0),(1912,0,13,17,3,2014,0),(1913,0,13,18,1,2014,0),(1914,0,13,18,2,2014,0),(1915,0,13,18,3,2014,0),(1916,0,13,28,1,2014,0),(1917,33,13,28,2,2014,0),(1918,104,13,28,3,2014,0),(1919,0,13,29,1,2014,0),(1920,0,13,29,2,2014,0),(1921,4,13,29,3,2014,0),(1922,91,13,30,1,2014,0),(1923,100,13,30,2,2014,0),(1924,100,13,30,3,2014,0),(1925,1,13,31,1,2014,0),(1926,0,13,31,2,2014,0),(1927,0,13,31,3,2014,0),(1928,40,13,32,1,2014,0),(1929,30,13,32,2,2014,0),(1930,30,13,32,3,2014,0),(1931,670,27,1,1,2014,0),(1932,612,27,1,2,2014,0),(1933,567,27,1,3,2014,0),(1934,17,27,2,1,2014,0),(1935,18,27,2,2,2014,0),(1936,12,27,2,3,2014,0),(1937,8,27,3,1,2014,0),(1938,12,27,3,2,2014,0),(1939,10,27,3,3,2014,0),(1940,0,27,4,1,2014,0),(1941,19,27,4,2,2014,0),(1942,9,27,4,3,2014,0),(1943,20,27,5,1,2014,0),(1944,21,27,5,2,2014,0),(1945,24,27,5,3,2014,0),(1946,1,27,6,1,2014,0),(1947,4,27,6,2,2014,0),(1948,1,27,6,3,2014,0),(1949,0,27,7,1,2014,0),(1950,25,27,7,2,2014,0),(1951,40,27,7,3,2014,0),(1952,66,27,8,1,2014,0),(1953,36,27,8,2,2014,0),(1954,19,27,8,3,2014,0),(1955,20,27,9,1,2014,0),(1956,21,27,9,2,2014,0),(1957,24,27,9,3,2014,0),(1958,0,27,10,1,2014,0),(1959,0,27,10,2,2014,0),(1960,0,27,10,3,2014,0),(1961,0,27,11,1,2014,0),(1962,0,27,11,2,2014,0),(1963,0,27,11,3,2014,0),(1964,38,27,12,1,2014,0),(1965,62,27,12,2,2014,0),(1966,44,27,12,3,2014,0),(1967,12,27,13,1,2014,0),(1968,8,27,13,2,2014,0),(1969,2,27,13,3,2014,0),(1970,120,27,14,1,2014,0),(1971,74,27,14,2,2014,0),(1972,2,27,14,3,2014,0),(1973,0,27,15,1,2014,0),(1974,0,27,15,2,2014,0),(1975,1,27,15,3,2014,0),(1976,0,27,16,1,2014,0),(1977,0,27,16,2,2014,0),(1978,0,27,16,3,2014,0),(1979,0,27,17,1,2014,0),(1980,0,27,17,2,2014,0),(1981,0,27,17,3,2014,0),(1982,0,27,18,1,2014,0),(1983,0,27,18,2,2014,0),(1984,0,27,18,3,2014,0),(1985,0,27,28,1,2014,0),(1986,62,27,28,2,2014,0),(1987,19,27,28,3,2014,0),(1988,0,27,29,1,2014,0),(1989,0,27,29,2,2014,0),(1990,0,27,29,3,2014,0),(1991,58,27,30,1,2014,0),(1992,46,27,30,2,2014,0),(1993,54,27,30,3,2014,0),(1994,0,27,31,1,2014,0),(1995,0,27,31,2,2014,0),(1996,0,27,31,3,2014,0),(1997,4,27,32,1,2014,0),(1998,1,27,32,2,2014,0),(1999,0,27,32,3,2014,0),(2000,842,14,1,1,2014,0),(2001,774,14,1,2,2014,0),(2002,978,14,1,3,2014,0),(2003,30,14,2,1,2014,0),(2004,26,14,2,2,2014,0),(2005,34,14,2,3,2014,0),(2006,0,14,3,1,2014,0),(2007,35,14,3,2,2014,0),(2008,55,14,3,3,2014,0),(2009,0,14,4,1,2014,0),(2010,8,14,4,2,2014,0),(2011,17,14,4,3,2014,0),(2012,0,14,5,1,2014,0),(2013,0,14,5,2,2014,0),(2014,0,14,5,3,2014,0),(2015,0,14,6,1,2014,0),(2016,0,14,6,2,2014,0),(2017,0,14,6,3,2014,0),(2018,0,14,7,1,2014,0),(2019,14,14,7,2,2014,0),(2020,5,14,7,3,2014,0),(2021,23,14,8,1,2014,0),(2022,16,14,8,2,2014,0),(2023,11,14,8,3,2014,0),(2024,27,14,9,1,2014,0),(2025,17,14,9,2,2014,0),(2026,31,14,9,3,2014,0),(2027,0,14,10,1,2014,0),(2028,0,14,10,2,2014,0),(2029,0,14,10,3,2014,0),(2030,0,14,11,1,2014,0),(2031,0,14,11,2,2014,0),(2032,0,14,11,3,2014,0),(2033,18,14,12,1,2014,0),(2034,21,14,12,2,2014,0),(2035,22,14,12,3,2014,0),(2036,0,14,13,1,2014,0),(2037,16,14,13,2,2014,0),(2038,15,14,13,3,2014,0),(2039,39,14,14,1,2014,0),(2040,26,14,14,2,2014,0),(2041,39,14,14,3,2014,0),(2042,1,14,15,1,2014,0),(2043,0,14,15,2,2014,0),(2044,1,14,15,3,2014,0),(2045,0,14,16,1,2014,0),(2046,0,14,16,2,2014,0),(2047,0,14,16,3,2014,0),(2048,0,14,17,1,2014,0),(2049,0,14,17,2,2014,0),(2050,0,14,17,3,2014,0),(2051,0,14,18,1,2014,0),(2052,0,14,18,2,2014,0),(2053,0,14,18,3,2014,0),(2054,10,14,28,1,2014,0),(2055,6,14,28,2,2014,0),(2056,20,14,28,3,2014,0),(2057,0,14,29,1,2014,0),(2058,0,14,29,2,2014,0),(2059,0,14,29,3,2014,0),(2060,0,14,30,1,2014,0),(2061,36,14,30,2,2014,0),(2062,60,14,30,3,2014,0),(2063,0,14,31,1,2014,0),(2064,1,14,31,2,2014,0),(2065,0,14,31,3,2014,0),(2066,0,14,32,1,2014,0),(2067,0,14,32,2,2014,0),(2068,0,14,32,3,2014,0),(2069,116,5,1,1,2014,0),(2070,106,5,1,2,2014,0),(2071,124,5,1,3,2014,0),(2072,1,5,2,1,2014,0),(2073,3,5,2,2,2014,0),(2074,3,5,2,3,2014,0),(2075,0,5,3,1,2014,0),(2076,0,5,3,2,2014,0),(2077,10,5,3,3,2014,0),(2078,0,5,4,1,2014,0),(2079,1,5,4,2,2014,0),(2080,3,5,4,3,2014,0),(2081,7,5,5,1,2014,0),(2082,9,5,5,2,2014,0),(2083,11,5,5,3,2014,0),(2084,0,5,6,1,2014,0),(2085,2,5,6,2,2014,0),(2086,1,5,6,3,2014,0),(2087,0,5,7,1,2014,0),(2088,2,5,7,2,2014,0),(2089,10,5,7,3,2014,0),(2090,8,5,8,1,2014,0),(2091,20,5,8,2,2014,0),(2092,21,5,8,3,2014,0),(2093,37,5,9,1,2014,0),(2094,28,5,9,2,2014,0),(2095,24,5,9,3,2014,0),(2096,0,5,10,1,2014,0),(2097,0,5,10,2,2014,0),(2098,0,5,10,3,2014,0),(2099,4,5,11,1,2014,0),(2100,4,5,11,2,2014,0),(2101,8,5,11,3,2014,0),(2102,30,5,12,1,2014,0),(2103,39,5,12,2,2014,0),(2104,22,5,12,3,2014,0),(2105,24,5,13,1,2014,0),(2106,47,5,13,2,2014,0),(2107,30,5,13,3,2014,0),(2108,44,5,14,1,2014,0),(2109,170,5,14,2,2014,0),(2110,53,5,14,3,2014,0),(2111,1,5,15,1,2014,0),(2112,0,5,15,2,2014,0),(2113,0,5,15,3,2014,0),(2114,0,5,16,1,2014,0),(2115,0,5,16,2,2014,0),(2116,0,5,16,3,2014,0),(2117,0,5,17,1,2014,0),(2118,0,5,17,2,2014,0),(2119,0,5,17,3,2014,0),(2120,0,5,18,1,2014,0),(2121,0,5,18,2,2014,0),(2122,0,5,18,3,2014,0),(2123,0,5,28,1,2014,0),(2124,40,5,28,2,2014,0),(2125,37,5,28,3,2014,0),(2126,0,5,29,1,2014,0),(2127,0,5,29,2,2014,0),(2128,0,5,29,3,2014,0),(2129,10,5,30,1,2014,0),(2130,56,5,30,2,2014,0),(2131,60,5,30,3,2014,0),(2132,0,5,31,1,2014,0),(2133,1,5,31,2,2014,0),(2134,0,5,31,3,2014,0),(2135,0,5,32,1,2014,0),(2136,0,5,32,2,2014,0),(2137,9,5,32,3,2014,0);
/*!40000 ALTER TABLE `Realisation` ENABLE KEYS */;
UNLOCK TABLES;

--
-- Table structure for table `ScoreQualite`
--

DROP TABLE IF EXISTS `ScoreQualite`;
/*!40101 SET @saved_cs_client     = @@character_set_client */;
/*!40101 SET character_set_client = utf8 */;
CREATE TABLE `ScoreQualite` (
  `id` bigint(20) NOT NULL AUTO_INCREMENT,
  `annee` int(11) NOT NULL,
  `valeur` double DEFAULT NULL,
  `centre_id` bigint(20) NOT NULL,
  `trimestre_id` bigint(20) NOT NULL,
  PRIMARY KEY (`id`),
  KEY `FK_6v692li42yvl1jh3nyw3c91y9` (`centre_id`),
  KEY `FK_aa9d56gh3et2awu93y95ommxc` (`trimestre_id`),
  CONSTRAINT `FK_aa9d56gh3et2awu93y95ommxc` FOREIGN KEY (`trimestre_id`) REFERENCES `Trimestre` (`id`),
  CONSTRAINT `FK_6v692li42yvl1jh3nyw3c91y9` FOREIGN KEY (`centre_id`) REFERENCES `Centre` (`id`)
) ENGINE=InnoDB AUTO_INCREMENT=2 DEFAULT CHARSET=latin1;
/*!40101 SET character_set_client = @saved_cs_client */;

--
-- Dumping data for table `ScoreQualite`
--

LOCK TABLES `ScoreQualite` WRITE;
/*!40000 ALTER TABLE `ScoreQualite` DISABLE KEYS */;
INSERT INTO `ScoreQualite` VALUES (1,2014,5.5,2,1);
/*!40000 ALTER TABLE `ScoreQualite` ENABLE KEYS */;
UNLOCK TABLES;

--
-- Table structure for table `SousCategorie`
--

DROP TABLE IF EXISTS `SousCategorie`;
/*!40101 SET @saved_cs_client     = @@character_set_client */;
/*!40101 SET character_set_client = utf8 */;
CREATE TABLE `SousCategorie` (
  `id` bigint(20) NOT NULL AUTO_INCREMENT,
  `code` varchar(255) NOT NULL,
  `categorie_id` bigint(20) NOT NULL,
  PRIMARY KEY (`id`),
  UNIQUE KEY `UK_qlvwjitlymjhk9l1lpp650udl` (`code`),
  KEY `FK_dbod9chhon08jexnd3x6wttx9` (`categorie_id`),
  CONSTRAINT `FK_dbod9chhon08jexnd3x6wttx9` FOREIGN KEY (`categorie_id`) REFERENCES `CategorieIndicateur` (`id`)
) ENGINE=InnoDB AUTO_INCREMENT=8 DEFAULT CHARSET=latin1;
/*!40101 SET character_set_client = @saved_cs_client */;

--
-- Dumping data for table `SousCategorie`
--

LOCK TABLES `SousCategorie` WRITE;
/*!40000 ALTER TABLE `SousCategorie` DISABLE KEYS */;
INSERT INTO `SousCategorie` VALUES (1,'PMA de Base',1),(2,'Santé de la mère et de l\'enfant',1),(3,'Lutte contre les IST, VIH/SIDA et tuberculose',1),(4,'PCA de base',2),(5,'Santé de la mère et de l\'enfant PCA',2),(6,'Ouvrages',3),(7,'Sensibilisation (IEC/CCC)',3);
/*!40000 ALTER TABLE `SousCategorie` ENABLE KEYS */;
UNLOCK TABLES;

--
-- Table structure for table `Subvention`
--

DROP TABLE IF EXISTS `Subvention`;
/*!40101 SET @saved_cs_client     = @@character_set_client */;
/*!40101 SET character_set_client = utf8 */;
CREATE TABLE `Subvention` (
  `id` bigint(20) NOT NULL AUTO_INCREMENT,
  `annee` int(11) DEFAULT NULL,
  `indicateurId` bigint(20) NOT NULL,
  `trimestreId` bigint(20) NOT NULL,
  `valeur` int(11) DEFAULT NULL,
  `provision` tinyint(1) DEFAULT NULL,
  PRIMARY KEY (`id`),
  UNIQUE KEY `UK_nap4t40ni9e5i7w3rjfhy0ypt` (`trimestreId`,`indicateurId`,`annee`),
  KEY `FK_dp4brqilt4saronx1pgjjfxw` (`indicateurId`),
  KEY `FK_9d4i6eunthuwm86m2p4gg1yoy` (`trimestreId`),
  CONSTRAINT `FK_9d4i6eunthuwm86m2p4gg1yoy` FOREIGN KEY (`trimestreId`) REFERENCES `Trimestre` (`id`),
  CONSTRAINT `FK_dp4brqilt4saronx1pgjjfxw` FOREIGN KEY (`indicateurId`) REFERENCES `Indicateur` (`id`)
) ENGINE=InnoDB AUTO_INCREMENT=35 DEFAULT CHARSET=latin1;
/*!40101 SET character_set_client = @saved_cs_client */;

--
-- Dumping data for table `Subvention`
--

LOCK TABLES `Subvention` WRITE;
/*!40000 ALTER TABLE `Subvention` DISABLE KEYS */;
INSERT INTO `Subvention` VALUES (1,2014,1,1,150,0),(2,2014,2,1,500,0),(3,2014,3,1,3500,0),(4,2014,4,1,3500,0),(5,2014,5,1,4500,0),(6,2014,6,1,4500,0),(7,2014,7,1,500,0),(8,2014,8,1,700,0),(9,2014,9,1,50,0),(10,2014,10,1,3500,0),(11,2014,11,1,1000,0),(12,2014,12,1,750,0),(13,2014,13,1,500,0),(14,2014,14,1,150,0),(15,2014,15,1,2500,0),(16,2014,16,1,2500,0),(17,2014,17,1,3000,0),(18,2014,18,1,3000,0),(19,2014,19,1,200,0),(20,2014,20,1,50,0),(21,2014,21,1,500,0),(22,2014,22,1,15000,0),(23,2014,23,1,5000,0),(24,2014,24,1,6000,0),(25,2014,25,1,10000,0),(26,2014,26,1,6000,0),(27,2014,27,1,3000,0),(28,2014,28,1,20000,0),(29,2014,29,1,350000,0),(30,2014,30,1,2000,0),(31,2014,31,1,50000,0),(32,2014,32,1,2500,0),(33,2014,33,1,15000,0),(34,2014,34,1,6000,0);
/*!40000 ALTER TABLE `Subvention` ENABLE KEYS */;
UNLOCK TABLES;

--
-- Table structure for table `Trimestre`
--

DROP TABLE IF EXISTS `Trimestre`;
/*!40101 SET @saved_cs_client     = @@character_set_client */;
/*!40101 SET character_set_client = utf8 */;
CREATE TABLE `Trimestre` (
  `id` bigint(20) NOT NULL AUTO_INCREMENT,
  `code` varchar(255) NOT NULL,
  `numero` int(11) NOT NULL,
  PRIMARY KEY (`id`),
  UNIQUE KEY `UK_nowq8dktfcdg6f2duxbfia525` (`code`),
  UNIQUE KEY `UK_s6f6wpfwcwxbjdu51kx3mt03k` (`numero`)
) ENGINE=InnoDB AUTO_INCREMENT=5 DEFAULT CHARSET=latin1;
/*!40101 SET character_set_client = @saved_cs_client */;

--
-- Dumping data for table `Trimestre`
--

LOCK TABLES `Trimestre` WRITE;
/*!40000 ALTER TABLE `Trimestre` DISABLE KEYS */;
INSERT INTO `Trimestre` VALUES (1,'Premier Trimestre',1),(2,'Deuxième Trimestre',2),(3,'Troisième Trimestre',3),(4,'Quatrième Trimestre',4);
/*!40000 ALTER TABLE `Trimestre` ENABLE KEYS */;
UNLOCK TABLES;

--
-- Table structure for table `Utilisateur`
--

DROP TABLE IF EXISTS `Utilisateur`;
/*!40101 SET @saved_cs_client     = @@character_set_client */;
/*!40101 SET character_set_client = utf8 */;
CREATE TABLE `Utilisateur` (
  `username` varchar(255) NOT NULL,
  `email` varchar(255) DEFAULT NULL,
  `numero` int(11) DEFAULT NULL,
  `password` varchar(255) DEFAULT NULL,
  `roles` varchar(255) DEFAULT NULL,
  PRIMARY KEY (`username`)
) ENGINE=InnoDB DEFAULT CHARSET=latin1;
/*!40101 SET character_set_client = @saved_cs_client */;

--
-- Dumping data for table `Utilisateur`
--

LOCK TABLES `Utilisateur` WRITE;
/*!40000 ALTER TABLE `Utilisateur` DISABLE KEYS */;
INSERT INTO `Utilisateur` VALUES ('douwevincent','douwevincent@yahoo.fr',94087120,'87E1F221A672A14A323E57BB65EAEA19D3ED3804','admin'),('vincent','dfeds',547893,'0B9C2625DC21EF05F6AD4DDF47C5F203837AA32C','user');
/*!40000 ALTER TABLE `Utilisateur` ENABLE KEYS */;
UNLOCK TABLES;
/*!40103 SET TIME_ZONE=@OLD_TIME_ZONE */;

/*!40101 SET SQL_MODE=@OLD_SQL_MODE */;
/*!40014 SET FOREIGN_KEY_CHECKS=@OLD_FOREIGN_KEY_CHECKS */;
/*!40014 SET UNIQUE_CHECKS=@OLD_UNIQUE_CHECKS */;
/*!40101 SET CHARACTER_SET_CLIENT=@OLD_CHARACTER_SET_CLIENT */;
/*!40101 SET CHARACTER_SET_RESULTS=@OLD_CHARACTER_SET_RESULTS */;
/*!40101 SET COLLATION_CONNECTION=@OLD_COLLATION_CONNECTION */;
/*!40111 SET SQL_NOTES=@OLD_SQL_NOTES */;

-- Dump completed on 2014-10-21 18:23:13
